[{"model": "home.userpreferences", "pk": 1, "fields": {"user": 1, "theme_preference": "dark"}}, {"model": "home.customer", "pk": 1, "fields": {"name": "Customer 1", "initials": "C1", "update_general_rules": true, "created_at": "2023-05-26T11:39:34.013Z", "created_by": 1, "modified_at": "2023-05-26T11:39:34.013Z", "detection_systems": []}}, {"model": "home.customer", "pk": 2, "fields": {"name": "Customer 2", "initials": "C2", "update_general_rules": true, "created_at": "2023-05-26T11:39:41.298Z", "created_by": 1, "modified_at": "2023-05-26T11:39:41.298Z", "detection_systems": []}}, {"model": "home.customer", "pk": 3, "fields": {"name": "Customer 3", "initials": "C3", "update_general_rules": true, "created_at": "2023-05-26T11:39:51.439Z", "created_by": 1, "modified_at": "2023-05-26T11:39:51.440Z", "detection_systems": []}}, {"model": "home.customer", "pk": 4, "fields": {"name": "Customer 4", "initials": "C4", "update_general_rules": true, "created_at": "2023-05-26T11:40:07.733Z", "created_by": 1, "modified_at": "2023-05-26T11:40:07.733Z", "detection_systems": []}}, {"model": "home.customer", "pk": 5, "fields": {"name": "Customer 5", "initials": "C5", "update_general_rules": true, "created_at": "2023-05-26T11:40:20.455Z", "created_by": 1, "modified_at": "2023-05-26T11:40:20.455Z", "detection_systems": []}}, {"model": "home.customer", "pk": 6, "fields": {"name": "Customer 6", "initials": "C6", "update_general_rules": true, "created_at": "2023-05-26T11:40:31.894Z", "created_by": 1, "modified_at": "2023-05-26T11:40:31.894Z", "detection_systems": []}}, {"model": "home.detectionsystem", "pk": 1, "fields": {"name": "Elastic", "type": "SIEM", "created_at": "2023-05-26T11:34:27.923Z", "created_by": 1, "modified_at": "2023-05-26T11:34:27.923Z"}}, {"model": "home.detectionsystem", "pk": 2, "fields": {"name": "QRadar", "type": "SIEM", "created_at": "2023-05-26T11:34:37.173Z", "created_by": 1, "modified_at": "2023-05-26T11:34:37.173Z"}}, {"model": "home.detectionsystem", "pk": 3, "fields": {"name": "Cortex XDR", "type": "EDR", "created_at": "2023-05-26T11:34:53.520Z", "created_by": 1, "modified_at": "2023-05-26T11:34:53.520Z"}}, {"model": "home.detectionsystem", "pk": 4, "fields": {"name": "Microsoft Sentinel", "type": "SIEM", "created_at": "2023-05-26T11:35:03.989Z", "created_by": 1, "modified_at": "2023-05-26T11:35:03.989Z"}}, {"model": "home.detectionsystem", "pk": 5, "fields": {"name": "Splunk", "type": "SIEM", "created_at": "2023-05-26T11:35:08.097Z", "created_by": 1, "modified_at": "2023-05-26T11:35:08.098Z"}}, {"model": "home.detectionsystem", "pk": 6, "fields": {"name": "CrowdStrike", "type": "EDR", "created_at": "2023-05-26T11:35:13.107Z", "created_by": 1, "modified_at": "2023-05-26T11:35:13.107Z"}}, {"model": "home.detectionsystem", "pk": 7, "fields": {"name": "McAfee ESM", "type": "SIEM", "created_at": "2023-05-26T11:35:19.654Z", "created_by": 1, "modified_at": "2023-05-26T11:35:19.654Z"}}, {"model": "home.detectionsystem", "pk": 8, "fields": {"name": "Carbon Black", "type": "EDR", "created_at": "2023-05-26T11:36:09.692Z", "created_by": 1, "modified_at": "2023-05-26T11:36:09.692Z"}}, {"model": "home.detectionsystem", "pk": 9, "fields": {"name": "ArcSight", "type": "SIEM", "created_at": "2023-05-26T11:36:15.129Z", "created_by": 1, "modified_at": "2023-05-26T11:36:15.129Z"}}, {"model": "home.detectionsystem", "pk": 10, "fields": {"name": "FireEye", "type": "EDR", "created_at": "2023-05-26T11:36:21.171Z", "created_by": 1, "modified_at": "2023-05-26T11:36:21.171Z"}}, {"model": "home.detectionsystem", "pk": 11, "fields": {"name": "LogRhythm", "type": "SIEM", "created_at": "2023-05-26T11:36:27.501Z", "created_by": 1, "modified_at": "2023-05-26T11:36:27.501Z"}}, {"model": "home.detectionsystem", "pk": 12, "fields": {"name": "CylancePROTECT", "type": "EDR", "created_at": "2023-05-26T11:36:35.246Z", "created_by": 1, "modified_at": "2023-05-26T11:36:35.246Z"}}, {"model": "home.detectionsystem", "pk": 13, "fields": {"name": "AlienVault", "type": "SIEM", "created_at": "2023-05-26T11:36:40.546Z", "created_by": 1, "modified_at": "2023-05-26T11:36:40.546Z"}}, {"model": "home.detectionsystem", "pk": 14, "fields": {"name": "Symantec Endpoint Protection", "type": "EDR", "created_at": "2023-05-26T11:36:46.521Z", "created_by": 1, "modified_at": "2023-05-26T11:36:46.521Z"}}, {"model": "home.detectionsystem", "pk": 15, "fields": {"name": "RSA NetWitness", "type": "SIEM", "created_at": "2023-05-26T11:36:51.040Z", "created_by": 1, "modified_at": "2023-05-26T11:36:51.040Z"}}, {"model": "home.detectionsystem", "pk": 16, "fields": {"name": "SentinelOne", "type": "EDR", "created_at": "2023-05-26T11:36:56.192Z", "created_by": 1, "modified_at": "2023-05-26T11:36:56.192Z"}}, {"model": "home.detectionsystem", "pk": 17, "fields": {"name": "Trustwave SIEM", "type": "SIEM", "created_at": "2023-05-26T11:37:03.918Z", "created_by": 1, "modified_at": "2023-05-26T11:37:03.918Z"}}, {"model": "home.detectionsystem", "pk": 18, "fields": {"name": "Trend Micro Apex One", "type": "EDR", "created_at": "2023-05-26T11:37:10.180Z", "created_by": 1, "modified_at": "2023-05-26T11:37:10.180Z"}}, {"model": "home.detectionsystem", "pk": 19, "fields": {"name": "Graylog", "type": "SIEM", "created_at": "2023-05-26T11:37:17.619Z", "created_by": 1, "modified_at": "2023-05-26T11:37:17.619Z"}}, {"model": "home.detectionsystem", "pk": 20, "fields": {"name": "Sophos Intercept X", "type": "EDR", "created_at": "2023-05-26T11:37:27.651Z", "created_by": 1, "modified_at": "2023-05-26T11:37:48.261Z"}}, {"model": "home.mitretactic", "pk": "TA0001", "fields": {"name": "Initial Access", "created_at": "2023-05-25T22:48:42.066Z", "created_by": 1, "modified_at": "2023-05-25T22:48:42.066Z"}}, {"model": "home.mitretactic", "pk": "TA0002", "fields": {"name": "Execution", "created_at": "2023-05-25T22:48:55.673Z", "created_by": 1, "modified_at": "2023-05-25T22:48:55.673Z"}}, {"model": "home.mitretactic", "pk": "TA0003", "fields": {"name": "Persistence", "created_at": "2023-05-25T22:49:01.433Z", "created_by": 1, "modified_at": "2023-05-25T22:49:01.433Z"}}, {"model": "home.mitretactic", "pk": "TA0004", "fields": {"name": "Privilege Escalation", "created_at": "2023-05-25T22:49:07.200Z", "created_by": 1, "modified_at": "2023-05-25T22:49:07.200Z"}}, {"model": "home.mitretactic", "pk": "TA0005", "fields": {"name": "Defense Evasion", "created_at": "2023-05-25T22:49:12.067Z", "created_by": 1, "modified_at": "2023-05-25T22:49:12.067Z"}}, {"model": "home.mitretactic", "pk": "TA0006", "fields": {"name": "Credential Access", "created_at": "2023-05-25T22:49:17.183Z", "created_by": 1, "modified_at": "2023-05-25T22:49:17.183Z"}}, {"model": "home.mitretactic", "pk": "TA0007", "fields": {"name": "Discovery", "created_at": "2023-05-25T22:49:22.108Z", "created_by": 1, "modified_at": "2023-05-25T22:49:22.108Z"}}, {"model": "home.mitretactic", "pk": "TA0008", "fields": {"name": "Lateral Movement", "created_at": "2023-05-25T22:49:29.016Z", "created_by": 1, "modified_at": "2023-05-25T22:49:29.016Z"}}, {"model": "home.mitretactic", "pk": "TA0009", "fields": {"name": "Collection", "created_at": "2023-05-25T22:49:36.657Z", "created_by": 1, "modified_at": "2023-05-25T22:49:36.657Z"}}, {"model": "home.mitretactic", "pk": "TA0010", "fields": {"name": "Exfiltration", "created_at": "2023-05-25T22:49:47.550Z", "created_by": 1, "modified_at": "2023-05-25T22:49:47.550Z"}}, {"model": "home.mitretactic", "pk": "TA0011", "fields": {"name": "Command and Control", "created_at": "2023-05-25T22:49:41.623Z", "created_by": 1, "modified_at": "2023-05-25T22:49:41.623Z"}}, {"model": "home.mitretactic", "pk": "TA0040", "fields": {"name": "Impact", "created_at": "2023-05-25T22:49:52.796Z", "created_by": 1, "modified_at": "2023-05-25T22:49:52.796Z"}}, {"model": "home.mitretactic", "pk": "TA0042", "fields": {"name": "Resource Development", "created_at": "2023-05-25T22:49:58.809Z", "created_by": 1, "modified_at": "2023-05-25T22:49:58.810Z"}}, {"model": "home.mitretactic", "pk": "TA0043", "fields": {"name": "Reconnaissance", "created_at": "2023-05-25T22:50:03.958Z", "created_by": 1, "modified_at": "2023-05-25T22:50:03.958Z"}}, {"model": "home.mitretechnique", "pk": "T1001", "fields": {"name": "Data Obfuscation", "created_at": "2023-05-25T22:56:11.954Z", "created_by": 1, "modified_at": "2023-05-25T22:56:11.954Z", "mitre_tactics": ["TA0011"]}}, {"model": "home.mitretechnique", "pk": "T1001.001", "fields": {"name": "Data Obfuscation: Junk Data", "created_at": "2023-05-25T22:56:11.956Z", "created_by": 1, "modified_at": "2023-05-25T22:56:11.956Z", "mitre_tactics": ["TA0011"]}}, {"model": "home.mitretechnique", "pk": "T1001.002", "fields": {"name": "Data Obfuscation: Steganography", "created_at": "2023-05-25T22:56:11.961Z", "created_by": 1, "modified_at": "2023-05-25T22:56:11.961Z", "mitre_tactics": ["TA0011"]}}, {"model": "home.mitretechnique", "pk": "T1001.003", "fields": {"name": "Data Obfuscation: Protocol Impersonation", "created_at": "2023-05-25T22:56:11.959Z", "created_by": 1, "modified_at": "2023-05-25T22:56:11.959Z", "mitre_tactics": ["TA0011"]}}, {"model": "home.mitretechnique", "pk": "T1003", "fields": {"name": "OS Credential Dumping", "created_at": "2023-05-25T22:56:12.564Z", "created_by": 1, "modified_at": "2023-05-25T22:56:12.564Z", "mitre_tactics": ["TA0006"]}}, {"model": "home.mitretechnique", "pk": "T1003.001", "fields": {"name": "OS Credential Dumping: LSASS Memory", "created_at": "2023-05-25T22:56:12.577Z", "created_by": 1, "modified_at": "2023-05-25T22:56:12.577Z", "mitre_tactics": ["TA0006"]}}, {"model": "home.mitretechnique", "pk": "T1003.002", "fields": {"name": "OS Credential Dumping: Security Account Manager", "created_at": "2023-05-25T22:56:12.585Z", "created_by": 1, "modified_at": "2023-05-25T22:56:12.585Z", "mitre_tactics": ["TA0006"]}}, {"model": "home.mitretechnique", "pk": "T1003.003", "fields": {"name": "OS Credential Dumping: NTDS", "created_at": "2023-05-25T22:56:12.580Z", "created_by": 1, "modified_at": "2023-05-25T22:56:12.580Z", "mitre_tactics": ["TA0006"]}}, {"model": "home.mitretechnique", "pk": "T1003.004", "fields": {"name": "OS Credential Dumping: LSA Secrets", "created_at": "2023-05-25T22:56:12.575Z", "created_by": 1, "modified_at": "2023-05-25T22:56:12.575Z", "mitre_tactics": ["TA0006"]}}, {"model": "home.mitretechnique", "pk": "T1003.005", "fields": {"name": "OS Credential Dumping: Cached Domain Credentials", "created_at": "2023-05-25T22:56:12.569Z", "created_by": 1, "modified_at": "2023-05-25T22:56:12.569Z", "mitre_tactics": ["TA0006"]}}, {"model": "home.mitretechnique", "pk": "T1003.006", "fields": {"name": "OS Credential Dumping: DCSync", "created_at": "2023-05-25T22:56:12.571Z", "created_by": 1, "modified_at": "2023-05-25T22:56:12.571Z", "mitre_tactics": ["TA0006"]}}, {"model": "home.mitretechnique", "pk": "T1003.007", "fields": {"name": "OS Credential Dumping: Proc Filesystem", "created_at": "2023-05-25T22:56:12.582Z", "created_by": 1, "modified_at": "2023-05-25T22:56:12.582Z", "mitre_tactics": ["TA0006"]}}, {"model": "home.mitretechnique", "pk": "T1003.008", "fields": {"name": "OS Credential Dumping: /etc/passwd and /etc/shadow", "created_at": "2023-05-25T22:56:12.566Z", "created_by": 1, "modified_at": "2023-05-25T22:56:12.566Z", "mitre_tactics": ["TA0006"]}}, {"model": "home.mitretechnique", "pk": "T1005", "fields": {"name": "Data from Local System", "created_at": "2023-05-25T22:56:11.992Z", "created_by": 1, "modified_at": "2023-05-25T22:56:11.992Z", "mitre_tactics": ["TA0009"]}}, {"model": "home.mitretechnique", "pk": "T1006", "fields": {"name": "Direct Volume Access", "created_at": "2023-05-25T22:56:12.029Z", "created_by": 1, "modified_at": "2023-05-25T22:56:12.029Z", "mitre_tactics": ["TA0005"]}}, {"model": "home.mitretechnique", "pk": "T1007", "fields": {"name": "System Service Discovery", "created_at": "2023-05-25T22:56:13.033Z", "created_by": 1, "modified_at": "2023-05-25T22:56:13.033Z", "mitre_tactics": ["TA0007"]}}, {"model": "home.mitretechnique", "pk": "T1008", "fields": {"name": "Fallback Channels", "created_at": "2023-05-25T22:56:12.208Z", "created_by": 1, "modified_at": "2023-05-25T22:56:12.208Z", "mitre_tactics": ["TA0011"]}}, {"model": "home.mitretechnique", "pk": "T1010", "fields": {"name": "Application Window Discovery", "created_at": "2023-05-25T22:56:11.697Z", "created_by": 1, "modified_at": "2023-05-25T22:56:11.697Z", "mitre_tactics": ["TA0007"]}}, {"model": "home.mitretechnique", "pk": "T1011", "fields": {"name": "Exfiltration Over Other Network Medium", "created_at": "2023-05-25T22:56:12.172Z", "created_by": 1, "modified_at": "2023-05-25T22:56:12.172Z", "mitre_tactics": ["TA0010"]}}, {"model": "home.mitretechnique", "pk": "T1011.001", "fields": {"name": "Exfiltration Over Other Network Medium: Exfiltration Over Bluetooth", "created_at": "2023-05-25T22:56:12.175Z", "created_by": 1, "modified_at": "2023-05-25T22:56:12.175Z", "mitre_tactics": ["TA0010"]}}, {"model": "home.mitretechnique", "pk": "T1012", "fields": {"name": "Query Registry", "created_at": "2023-05-25T22:56:12.774Z", "created_by": 1, "modified_at": "2023-05-25T22:56:12.774Z", "mitre_tactics": ["TA0007"]}}, {"model": "home.mitretechnique", "pk": "T1014", "fields": {"name": "Rootkit", "created_at": "2023-05-25T22:56:12.819Z", "created_by": 1, "modified_at": "2023-05-25T22:56:12.819Z", "mitre_tactics": ["TA0005"]}}, {"model": "home.mitretechnique", "pk": "T1016", "fields": {"name": "System Network Configuration Discovery", "created_at": "2023-05-25T22:56:13.019Z", "created_by": 1, "modified_at": "2023-05-25T22:56:13.019Z", "mitre_tactics": ["TA0007"]}}, {"model": "home.mitretechnique", "pk": "T1016.001", "fields": {"name": "System Network Configuration Discovery: Internet Connection Discovery", "created_at": "2023-05-25T22:56:13.021Z", "created_by": 1, "modified_at": "2023-05-25T22:56:13.021Z", "mitre_tactics": ["TA0007"]}}, {"model": "home.mitretechnique", "pk": "T1018", "fields": {"name": "Remote System Discovery", "created_at": "2023-05-25T22:56:12.808Z", "created_by": 1, "modified_at": "2023-05-25T22:56:12.808Z", "mitre_tactics": ["TA0007"]}}, {"model": "home.mitretechnique", "pk": "T1020", "fields": {"name": "Automated Exfiltration", "created_at": "2023-05-25T22:56:11.714Z", "created_by": 1, "modified_at": "2023-05-25T22:56:11.714Z", "mitre_tactics": ["TA0010"]}}, {"model": "home.mitretechnique", "pk": "T1020.001", "fields": {"name": "Automated Exfiltration: Traffic Duplication", "created_at": "2023-05-25T22:56:11.716Z", "created_by": 1, "modified_at": "2023-05-25T22:56:11.716Z", "mitre_tactics": ["TA0010"]}}, {"model": "home.mitretechnique", "pk": "T1021", "fields": {"name": "Remote Services", "created_at": "2023-05-25T22:56:12.788Z", "created_by": 1, "modified_at": "2023-05-25T22:56:12.788Z", "mitre_tactics": ["TA0008"]}}, {"model": "home.mitretechnique", "pk": "T1021.001", "fields": {"name": "Remote Services: Remote Desktop Protocol", "created_at": "2023-05-25T22:56:12.796Z", "created_by": 1, "modified_at": "2023-05-25T22:56:12.796Z", "mitre_tactics": ["TA0008"]}}, {"model": "home.mitretechnique", "pk": "T1021.002", "fields": {"name": "Remote Services: SMB/Windows Admin Shares", "created_at": "2023-05-25T22:56:12.798Z", "created_by": 1, "modified_at": "2023-05-25T22:56:12.798Z", "mitre_tactics": ["TA0008"]}}, {"model": "home.mitretechnique", "pk": "T1021.003", "fields": {"name": "Remote Services: Distributed Component Object Model", "created_at": "2023-05-25T22:56:12.793Z", "created_by": 1, "modified_at": "2023-05-25T22:56:12.793Z", "mitre_tactics": ["TA0008"]}}, {"model": "home.mitretechnique", "pk": "T1021.004", "fields": {"name": "Remote Services: SSH", "created_at": "2023-05-25T22:56:12.801Z", "created_by": 1, "modified_at": "2023-05-25T22:56:12.801Z", "mitre_tactics": ["TA0008"]}}, {"model": "home.mitretechnique", "pk": "T1021.005", "fields": {"name": "Remote Services: VNC", "created_at": "2023-05-25T22:56:12.803Z", "created_by": 1, "modified_at": "2023-05-25T22:56:12.803Z", "mitre_tactics": ["TA0008"]}}, {"model": "home.mitretechnique", "pk": "T1021.006", "fields": {"name": "Remote Services: Windows Remote Management", "created_at": "2023-05-25T22:56:12.806Z", "created_by": 1, "modified_at": "2023-05-25T22:56:12.806Z", "mitre_tactics": ["TA0008"]}}, {"model": "home.mitretechnique", "pk": "T1021.007", "fields": {"name": "Remote Services: Cloud Services", "created_at": "2023-05-25T22:56:12.791Z", "created_by": 1, "modified_at": "2023-05-25T22:56:12.791Z", "mitre_tactics": ["TA0008"]}}, {"model": "home.mitretechnique", "pk": "T1025", "fields": {"name": "Data from Removable Media", "created_at": "2023-05-25T22:56:11.997Z", "created_by": 1, "modified_at": "2023-05-25T22:56:11.997Z", "mitre_tactics": ["TA0009"]}}, {"model": "home.mitretechnique", "pk": "T1027", "fields": {"name": "Obfuscated Files or Information", "created_at": "2023-05-25T22:56:12.587Z", "created_by": 1, "modified_at": "2023-05-25T22:56:12.587Z", "mitre_tactics": ["TA0005"]}}, {"model": "home.mitretechnique", "pk": "T1027.001", "fields": {"name": "Obfuscated Files or Information: Binary Padding", "created_at": "2023-05-25T22:56:12.590Z", "created_by": 1, "modified_at": "2023-05-25T22:56:12.590Z", "mitre_tactics": ["TA0005"]}}, {"model": "home.mitretechnique", "pk": "T1027.002", "fields": {"name": "Obfuscated Files or Information: Software Packing", "created_at": "2023-05-25T22:56:12.610Z", "created_by": 1, "modified_at": "2023-05-25T22:56:12.610Z", "mitre_tactics": ["TA0005"]}}, {"model": "home.mitretechnique", "pk": "T1027.003", "fields": {"name": "Obfuscated Files or Information: Steganography", "created_at": "2023-05-25T22:56:12.612Z", "created_by": 1, "modified_at": "2023-05-25T22:56:12.612Z", "mitre_tactics": ["TA0005"]}}, {"model": "home.mitretechnique", "pk": "T1027.004", "fields": {"name": "Obfuscated Files or Information: Compile After Delivery", "created_at": "2023-05-25T22:56:12.595Z", "created_by": 1, "modified_at": "2023-05-25T22:56:12.595Z", "mitre_tactics": ["TA0005"]}}, {"model": "home.mitretechnique", "pk": "T1027.005", "fields": {"name": "Obfuscated Files or Information: Indicator Removal from Tools", "created_at": "2023-05-25T22:56:12.607Z", "created_by": 1, "modified_at": "2023-05-25T22:56:12.607Z", "mitre_tactics": ["TA0005"]}}, {"model": "home.mitretechnique", "pk": "T1027.006", "fields": {"name": "Obfuscated Files or Information: HTML Smuggling", "created_at": "2023-05-25T22:56:12.605Z", "created_by": 1, "modified_at": "2023-05-25T22:56:12.605Z", "mitre_tactics": ["TA0005"]}}, {"model": "home.mitretechnique", "pk": "T1027.007", "fields": {"name": "Obfuscated Files or Information: Dynamic API Resolution", "created_at": "2023-05-25T22:56:12.597Z", "created_by": 1, "modified_at": "2023-05-25T22:56:12.597Z", "mitre_tactics": ["TA0005"]}}, {"model": "home.mitretechnique", "pk": "T1027.008", "fields": {"name": "Obfuscated Files or Information: Stripped Payloads", "created_at": "2023-05-25T22:56:12.615Z", "created_by": 1, "modified_at": "2023-05-25T22:56:12.615Z", "mitre_tactics": ["TA0005"]}}, {"model": "home.mitretechnique", "pk": "T1027.009", "fields": {"name": "Obfuscated Files or Information: Embedded Payloads", "created_at": "2023-05-25T22:56:12.600Z", "created_by": 1, "modified_at": "2023-05-25T22:56:12.600Z", "mitre_tactics": ["TA0005"]}}, {"model": "home.mitretechnique", "pk": "T1027.010", "fields": {"name": "Obfuscated Files or Information: Command Obfuscation", "created_at": "2023-05-25T22:56:12.592Z", "created_by": 1, "modified_at": "2023-05-25T22:56:12.592Z", "mitre_tactics": ["TA0005"]}}, {"model": "home.mitretechnique", "pk": "T1027.011", "fields": {"name": "Obfuscated Files or Information: Fileless Storage", "created_at": "2023-05-25T22:56:12.602Z", "created_by": 1, "modified_at": "2023-05-25T22:56:12.602Z", "mitre_tactics": ["TA0005"]}}, {"model": "home.mitretechnique", "pk": "T1029", "fields": {"name": "Scheduled Transfer", "created_at": "2023-05-25T22:56:12.848Z", "created_by": 1, "modified_at": "2023-05-25T22:56:12.848Z", "mitre_tactics": ["TA0010"]}}, {"model": "home.mitretechnique", "pk": "T1030", "fields": {"name": "Data Transfer Size Limits", "created_at": "2023-05-25T22:56:11.971Z", "created_by": 1, "modified_at": "2023-05-25T22:56:11.971Z", "mitre_tactics": ["TA0010"]}}, {"model": "home.mitretechnique", "pk": "T1033", "fields": {"name": "System Owner/User Discovery", "created_at": "2023-05-25T22:56:13.026Z", "created_by": 1, "modified_at": "2023-05-25T22:56:13.026Z", "mitre_tactics": ["TA0007"]}}, {"model": "home.mitretechnique", "pk": "T1036", "fields": {"name": "Masquerading", "created_at": "2023-05-25T22:56:12.450Z", "created_by": 1, "modified_at": "2023-05-25T22:56:12.451Z", "mitre_tactics": ["TA0005"]}}, {"model": "home.mitretechnique", "pk": "T1036.001", "fields": {"name": "Masquerading: Invalid Code Signature", "created_at": "2023-05-25T22:56:12.455Z", "created_by": 1, "modified_at": "2023-05-25T22:56:12.455Z", "mitre_tactics": ["TA0005"]}}, {"model": "home.mitretechnique", "pk": "T1036.002", "fields": {"name": "Masquerading: Right-to-Left Override", "created_at": "2023-05-25T22:56:12.466Z", "created_by": 1, "modified_at": "2023-05-25T22:56:12.466Z", "mitre_tactics": ["TA0005"]}}, {"model": "home.mitretechnique", "pk": "T1036.003", "fields": {"name": "Masquerading: Rename System Utilities", "created_at": "2023-05-25T22:56:12.464Z", "created_by": 1, "modified_at": "2023-05-25T22:56:12.464Z", "mitre_tactics": ["TA0005"]}}, {"model": "home.mitretechnique", "pk": "T1036.004", "fields": {"name": "Masquerading: Masquerade Task or Service", "created_at": "2023-05-25T22:56:12.459Z", "created_by": 1, "modified_at": "2023-05-25T22:56:12.459Z", "mitre_tactics": ["TA0005"]}}, {"model": "home.mitretechnique", "pk": "T1036.005", "fields": {"name": "Masquerading: Match Legitimate Name or Location", "created_at": "2023-05-25T22:56:12.461Z", "created_by": 1, "modified_at": "2023-05-25T22:56:12.461Z", "mitre_tactics": ["TA0005"]}}, {"model": "home.mitretechnique", "pk": "T1036.006", "fields": {"name": "Masquerading: Space after Filename", "created_at": "2023-05-25T22:56:12.469Z", "created_by": 1, "modified_at": "2023-05-25T22:56:12.469Z", "mitre_tactics": ["TA0005"]}}, {"model": "home.mitretechnique", "pk": "T1036.007", "fields": {"name": "Masquerading: Double File Extension", "created_at": "2023-05-25T22:56:12.453Z", "created_by": 1, "modified_at": "2023-05-25T22:56:12.453Z", "mitre_tactics": ["TA0005"]}}, {"model": "home.mitretechnique", "pk": "T1036.008", "fields": {"name": "Masquerading: Masquerade File Type", "created_at": "2023-05-25T22:56:12.457Z", "created_by": 1, "modified_at": "2023-05-25T22:56:12.457Z", "mitre_tactics": ["TA0005"]}}, {"model": "home.mitretechnique", "pk": "T1037", "fields": {"name": "Boot or Logon Initialization Scripts", "created_at": "2023-05-25T22:56:11.772Z", "created_by": 1, "modified_at": "2023-05-25T22:56:11.772Z", "mitre_tactics": ["TA0003", "TA0004"]}}, {"model": "home.mitretechnique", "pk": "T1037.001", "fields": {"name": "Boot or Logon Initialization Scripts: Logon Script (Windows)", "created_at": "2023-05-25T22:56:11.779Z", "created_by": 1, "modified_at": "2023-05-25T22:56:11.779Z", "mitre_tactics": ["TA0003", "TA0004"]}}, {"model": "home.mitretechnique", "pk": "T1037.002", "fields": {"name": "Boot or Logon Initialization Scripts: Login Hook", "created_at": "2023-05-25T22:56:11.775Z", "created_by": 1, "modified_at": "2023-05-25T22:56:11.775Z", "mitre_tactics": ["TA0003", "TA0004"]}}, {"model": "home.mitretechnique", "pk": "T1037.003", "fields": {"name": "Boot or Logon Initialization Scripts: Network Logon Script", "created_at": "2023-05-25T22:56:11.782Z", "created_by": 1, "modified_at": "2023-05-25T22:56:11.782Z", "mitre_tactics": ["TA0003", "TA0004"]}}, {"model": "home.mitretechnique", "pk": "T1037.004", "fields": {"name": "Boot or Logon Initialization Scripts: RC Scripts", "created_at": "2023-05-25T22:56:11.785Z", "created_by": 1, "modified_at": "2023-05-25T22:56:11.785Z", "mitre_tactics": ["TA0003", "TA0004"]}}, {"model": "home.mitretechnique", "pk": "T1037.005", "fields": {"name": "Boot or Logon Initialization Scripts: Startup Items", "created_at": "2023-05-25T22:56:11.789Z", "created_by": 1, "modified_at": "2023-05-25T22:56:11.789Z", "mitre_tactics": ["TA0003", "TA0004"]}}, {"model": "home.mitretechnique", "pk": "T1039", "fields": {"name": "Data from Network Shared Drive", "created_at": "2023-05-25T22:56:11.995Z", "created_by": 1, "modified_at": "2023-05-25T22:56:11.995Z", "mitre_tactics": ["TA0009"]}}, {"model": "home.mitretechnique", "pk": "T1040", "fields": {"name": "Network Sniffing", "created_at": "2023-05-25T22:56:12.555Z", "created_by": 1, "modified_at": "2023-05-25T22:56:12.555Z", "mitre_tactics": ["TA0006", "TA0007"]}}, {"model": "home.mitretechnique", "pk": "T1041", "fields": {"name": "Exfiltration Over C2 Channel", "created_at": "2023-05-25T22:56:12.170Z", "created_by": 1, "modified_at": "2023-05-25T22:56:12.170Z", "mitre_tactics": ["TA0010"]}}, {"model": "home.mitretechnique", "pk": "T1046", "fields": {"name": "Network Service Discovery", "created_at": "2023-05-25T22:56:12.551Z", "created_by": 1, "modified_at": "2023-05-25T22:56:12.551Z", "mitre_tactics": ["TA0007"]}}, {"model": "home.mitretechnique", "pk": "T1047", "fields": {"name": "Windows Management Instrumentation", "created_at": "2023-05-25T22:56:13.179Z", "created_by": 1, "modified_at": "2023-05-25T22:56:13.179Z", "mitre_tactics": ["TA0002"]}}, {"model": "home.mitretechnique", "pk": "T1048", "fields": {"name": "Exfiltration Over Alternative Protocol", "created_at": "2023-05-25T22:56:12.160Z", "created_by": 1, "modified_at": "2023-05-25T22:56:12.160Z", "mitre_tactics": ["TA0010"]}}, {"model": "home.mitretechnique", "pk": "T1048.001", "fields": {"name": "Exfiltration Over Alternative Protocol: Exfiltration Over Symmetric Encrypted Non-C2 Protocol", "created_at": "2023-05-25T22:56:12.165Z", "created_by": 1, "modified_at": "2023-05-25T22:56:12.165Z", "mitre_tactics": ["TA0010"]}}, {"model": "home.mitretechnique", "pk": "T1048.002", "fields": {"name": "Exfiltration Over Alternative Protocol: Exfiltration Over Asymmetric Encrypted Non-C2 Protocol", "created_at": "2023-05-25T22:56:12.163Z", "created_by": 1, "modified_at": "2023-05-25T22:56:12.163Z", "mitre_tactics": ["TA0010"]}}, {"model": "home.mitretechnique", "pk": "T1048.003", "fields": {"name": "Exfiltration Over Alternative Protocol: Exfiltration Over Unencrypted Non-C2 Protocol", "created_at": "2023-05-25T22:56:12.167Z", "created_by": 1, "modified_at": "2023-05-25T22:56:12.167Z", "mitre_tactics": ["TA0010"]}}, {"model": "home.mitretechnique", "pk": "T1049", "fields": {"name": "System Network Connections Discovery", "created_at": "2023-05-25T22:56:13.023Z", "created_by": 1, "modified_at": "2023-05-25T22:56:13.023Z", "mitre_tactics": ["TA0007"]}}, {"model": "home.mitretechnique", "pk": "T1052", "fields": {"name": "Exfiltration Over Physical Medium", "created_at": "2023-05-25T22:56:12.177Z", "created_by": 1, "modified_at": "2023-05-25T22:56:12.177Z", "mitre_tactics": ["TA0010"]}}, {"model": "home.mitretechnique", "pk": "T1052.001", "fields": {"name": "Exfiltration Over Physical Medium: Exfiltration over USB", "created_at": "2023-05-25T22:56:12.179Z", "created_by": 1, "modified_at": "2023-05-25T22:56:12.179Z", "mitre_tactics": ["TA0010"]}}, {"model": "home.mitretechnique", "pk": "T1053", "fields": {"name": "Scheduled Task/Job", "created_at": "2023-05-25T22:56:12.821Z", "created_by": 1, "modified_at": "2023-05-25T22:56:12.821Z", "mitre_tactics": ["TA0002", "TA0003", "TA0004"]}}, {"model": "home.mitretechnique", "pk": "T1053.002", "fields": {"name": "Scheduled Task/Job: At", "created_at": "2023-05-25T22:56:12.826Z", "created_by": 1, "modified_at": "2023-05-25T22:56:12.826Z", "mitre_tactics": ["TA0002", "TA0003", "TA0004"]}}, {"model": "home.mitretechnique", "pk": "T1053.003", "fields": {"name": "Scheduled Task/Job: Cron", "created_at": "2023-05-25T22:56:12.835Z", "created_by": 1, "modified_at": "2023-05-25T22:56:12.835Z", "mitre_tactics": ["TA0002", "TA0003", "TA0004"]}}, {"model": "home.mitretechnique", "pk": "T1053.005", "fields": {"name": "Scheduled Task/Job: Scheduled Task", "created_at": "2023-05-25T22:56:12.839Z", "created_by": 1, "modified_at": "2023-05-25T22:56:12.839Z", "mitre_tactics": ["TA0002", "TA0003", "TA0004"]}}, {"model": "home.mitretechnique", "pk": "T1053.006", "fields": {"name": "Scheduled Task/Job: Systemd Timers", "created_at": "2023-05-25T22:56:12.844Z", "created_by": 1, "modified_at": "2023-05-25T22:56:12.844Z", "mitre_tactics": ["TA0002", "TA0003", "TA0004"]}}, {"model": "home.mitretechnique", "pk": "T1053.007", "fields": {"name": "Scheduled Task/Job: Container Orchestration Job", "created_at": "2023-05-25T22:56:12.830Z", "created_by": 1, "modified_at": "2023-05-25T22:56:12.830Z", "mitre_tactics": ["TA0002", "TA0003", "TA0004"]}}, {"model": "home.mitretechnique", "pk": "T1055", "fields": {"name": "Process Injection", "created_at": "2023-05-25T22:56:12.715Z", "created_by": 1, "modified_at": "2023-05-25T22:56:12.715Z", "mitre_tactics": ["TA0004", "TA0005"]}}, {"model": "home.mitretechnique", "pk": "T1055.001", "fields": {"name": "Process Injection: Dynamic-link Library Injection", "created_at": "2023-05-25T22:56:12.722Z", "created_by": 1, "modified_at": "2023-05-25T22:56:12.722Z", "mitre_tactics": ["TA0004", "TA0005"]}}, {"model": "home.mitretechnique", "pk": "T1055.002", "fields": {"name": "Process Injection: Portable Executable Injection", "created_at": "2023-05-25T22:56:12.732Z", "created_by": 1, "modified_at": "2023-05-25T22:56:12.732Z", "mitre_tactics": ["TA0004", "TA0005"]}}, {"model": "home.mitretechnique", "pk": "T1055.003", "fields": {"name": "Process Injection: Thread Execution Hijacking", "created_at": "2023-05-25T22:56:12.750Z", "created_by": 1, "modified_at": "2023-05-25T22:56:12.750Z", "mitre_tactics": ["TA0004", "TA0005"]}}, {"model": "home.mitretechnique", "pk": "T1055.004", "fields": {"name": "Process Injection: Asynchronous Procedure Call", "created_at": "2023-05-25T22:56:12.718Z", "created_by": 1, "modified_at": "2023-05-25T22:56:12.718Z", "mitre_tactics": ["TA0004", "TA0005"]}}, {"model": "home.mitretechnique", "pk": "T1055.005", "fields": {"name": "Process Injection: Thread Local Storage", "created_at": "2023-05-25T22:56:12.753Z", "created_by": 1, "modified_at": "2023-05-25T22:56:12.753Z", "mitre_tactics": ["TA0004", "TA0005"]}}, {"model": "home.mitretechnique", "pk": "T1055.008", "fields": {"name": "Process Injection: Ptrace System Calls", "created_at": "2023-05-25T22:56:12.746Z", "created_by": 1, "modified_at": "2023-05-25T22:56:12.746Z", "mitre_tactics": ["TA0004", "TA0005"]}}, {"model": "home.mitretechnique", "pk": "T1055.009", "fields": {"name": "Process Injection: Proc Memory", "created_at": "2023-05-25T22:56:12.736Z", "created_by": 1, "modified_at": "2023-05-25T22:56:12.736Z", "mitre_tactics": ["TA0004", "TA0005"]}}, {"model": "home.mitretechnique", "pk": "T1055.011", "fields": {"name": "Process Injection: Extra Window Memory Injection", "created_at": "2023-05-25T22:56:12.725Z", "created_by": 1, "modified_at": "2023-05-25T22:56:12.725Z", "mitre_tactics": ["TA0004", "TA0005"]}}, {"model": "home.mitretechnique", "pk": "T1055.012", "fields": {"name": "Process Injection: Process Hollowing", "created_at": "2023-05-25T22:56:12.743Z", "created_by": 1, "modified_at": "2023-05-25T22:56:12.743Z", "mitre_tactics": ["TA0004", "TA0005"]}}, {"model": "home.mitretechnique", "pk": "T1055.013", "fields": {"name": "Process Injection: Process Doppelgänging", "created_at": "2023-05-25T22:56:12.739Z", "created_by": 1, "modified_at": "2023-05-25T22:56:12.739Z", "mitre_tactics": ["TA0004", "TA0005"]}}, {"model": "home.mitretechnique", "pk": "T1055.014", "fields": {"name": "Process Injection: VDSO Hijacking", "created_at": "2023-05-25T22:56:12.756Z", "created_by": 1, "modified_at": "2023-05-25T22:56:12.756Z", "mitre_tactics": ["TA0004", "TA0005"]}}, {"model": "home.mitretechnique", "pk": "T1055.015", "fields": {"name": "Process Injection: ListPlanting", "created_at": "2023-05-25T22:56:12.729Z", "created_by": 1, "modified_at": "2023-05-25T22:56:12.729Z", "mitre_tactics": ["TA0004", "TA0005"]}}, {"model": "home.mitretechnique", "pk": "T1056", "fields": {"name": "Input Capture", "created_at": "2023-05-25T22:56:12.421Z", "created_by": 1, "modified_at": "2023-05-25T22:56:12.421Z", "mitre_tactics": ["TA0006", "TA0009"]}}, {"model": "home.mitretechnique", "pk": "T1056.001", "fields": {"name": "Input Capture: Keylogging", "created_at": "2023-05-25T22:56:12.430Z", "created_by": 1, "modified_at": "2023-05-25T22:56:12.430Z", "mitre_tactics": ["TA0006", "TA0009"]}}, {"model": "home.mitretechnique", "pk": "T1056.002", "fields": {"name": "Input Capture: GUI Input Capture", "created_at": "2023-05-25T22:56:12.427Z", "created_by": 1, "modified_at": "2023-05-25T22:56:12.427Z", "mitre_tactics": ["TA0006", "TA0009"]}}, {"model": "home.mitretechnique", "pk": "T1056.003", "fields": {"name": "Input Capture: Web Portal Capture", "created_at": "2023-05-25T22:56:12.434Z", "created_by": 1, "modified_at": "2023-05-25T22:56:12.434Z", "mitre_tactics": ["TA0006", "TA0009"]}}, {"model": "home.mitretechnique", "pk": "T1056.004", "fields": {"name": "Input Capture: Credential API Hooking", "created_at": "2023-05-25T22:56:12.424Z", "created_by": 1, "modified_at": "2023-05-25T22:56:12.424Z", "mitre_tactics": ["TA0006", "TA0009"]}}, {"model": "home.mitretechnique", "pk": "T1057", "fields": {"name": "Process Discovery", "created_at": "2023-05-25T22:56:12.712Z", "created_by": 1, "modified_at": "2023-05-25T22:56:12.712Z", "mitre_tactics": ["TA0007"]}}, {"model": "home.mitretechnique", "pk": "T1059", "fields": {"name": "Command and Scripting Interpreter", "created_at": "2023-05-25T22:56:11.828Z", "created_by": 1, "modified_at": "2023-05-25T22:56:11.828Z", "mitre_tactics": ["TA0002"]}}, {"model": "home.mitretechnique", "pk": "T1059.001", "fields": {"name": "Command and Scripting Interpreter: PowerShell", "created_at": "2023-05-25T22:56:11.840Z", "created_by": 1, "modified_at": "2023-05-25T22:56:11.840Z", "mitre_tactics": ["TA0002"]}}, {"model": "home.mitretechnique", "pk": "T1059.002", "fields": {"name": "Command and Scripting Interpreter: AppleScript", "created_at": "2023-05-25T22:56:11.830Z", "created_by": 1, "modified_at": "2023-05-25T22:56:11.830Z", "mitre_tactics": ["TA0002"]}}, {"model": "home.mitretechnique", "pk": "T1059.003", "fields": {"name": "Command and Scripting Interpreter: Windows Command Shell", "created_at": "2023-05-25T22:56:11.849Z", "created_by": 1, "modified_at": "2023-05-25T22:56:11.849Z", "mitre_tactics": ["TA0002"]}}, {"model": "home.mitretechnique", "pk": "T1059.004", "fields": {"name": "Command and Scripting Interpreter: Unix Shell", "created_at": "2023-05-25T22:56:11.844Z", "created_by": 1, "modified_at": "2023-05-25T22:56:11.844Z", "mitre_tactics": ["TA0002"]}}, {"model": "home.mitretechnique", "pk": "T1059.005", "fields": {"name": "Command and Scripting Interpreter: Visual Basic", "created_at": "2023-05-25T22:56:11.846Z", "created_by": 1, "modified_at": "2023-05-25T22:56:11.846Z", "mitre_tactics": ["TA0002"]}}, {"model": "home.mitretechnique", "pk": "T1059.006", "fields": {"name": "Command and Scripting Interpreter: Python", "created_at": "2023-05-25T22:56:11.842Z", "created_by": 1, "modified_at": "2023-05-25T22:56:11.842Z", "mitre_tactics": ["TA0002"]}}, {"model": "home.mitretechnique", "pk": "T1059.007", "fields": {"name": "Command and Scripting Interpreter: JavaScript", "created_at": "2023-05-25T22:56:11.835Z", "created_by": 1, "modified_at": "2023-05-25T22:56:11.835Z", "mitre_tactics": ["TA0002"]}}, {"model": "home.mitretechnique", "pk": "T1059.008", "fields": {"name": "Command and Scripting Interpreter: Network Device CLI", "created_at": "2023-05-25T22:56:11.837Z", "created_by": 1, "modified_at": "2023-05-25T22:56:11.837Z", "mitre_tactics": ["TA0002"]}}, {"model": "home.mitretechnique", "pk": "T1059.009", "fields": {"name": "Command and Scripting Interpreter: Cloud API", "created_at": "2023-05-25T22:56:11.833Z", "created_by": 1, "modified_at": "2023-05-25T22:56:11.833Z", "mitre_tactics": ["TA0002"]}}, {"model": "home.mitretechnique", "pk": "T1068", "fields": {"name": "Exploitation for Privilege Escalation", "created_at": "2023-05-25T22:56:12.200Z", "created_by": 1, "modified_at": "2023-05-25T22:56:12.200Z", "mitre_tactics": ["TA0004"]}}, {"model": "home.mitretechnique", "pk": "T1069", "fields": {"name": "Permission Groups Discovery", "created_at": "2023-05-25T22:56:12.658Z", "created_by": 1, "modified_at": "2023-05-25T22:56:12.658Z", "mitre_tactics": ["TA0007"]}}, {"model": "home.mitretechnique", "pk": "T1069.001", "fields": {"name": "Permission Groups Discovery: Local Groups", "created_at": "2023-05-25T22:56:12.666Z", "created_by": 1, "modified_at": "2023-05-25T22:56:12.666Z", "mitre_tactics": ["TA0007"]}}, {"model": "home.mitretechnique", "pk": "T1069.002", "fields": {"name": "Permission Groups Discovery: Domain Groups", "created_at": "2023-05-25T22:56:12.664Z", "created_by": 1, "modified_at": "2023-05-25T22:56:12.664Z", "mitre_tactics": ["TA0007"]}}, {"model": "home.mitretechnique", "pk": "T1069.003", "fields": {"name": "Permission Groups Discovery: Cloud Groups", "created_at": "2023-05-25T22:56:12.661Z", "created_by": 1, "modified_at": "2023-05-25T22:56:12.661Z", "mitre_tactics": ["TA0007"]}}, {"model": "home.mitretechnique", "pk": "T1070", "fields": {"name": "Indicator Removal", "created_at": "2023-05-25T22:56:12.390Z", "created_by": 1, "modified_at": "2023-05-25T22:56:12.390Z", "mitre_tactics": ["TA0005"]}}, {"model": "home.mitretechnique", "pk": "T1070.001", "fields": {"name": "Indicator Removal: Clear Windows Event Logs", "created_at": "2023-05-25T22:56:12.403Z", "created_by": 1, "modified_at": "2023-05-25T22:56:12.403Z", "mitre_tactics": ["TA0005"]}}, {"model": "home.mitretechnique", "pk": "T1070.002", "fields": {"name": "Indicator Removal: Clear Linux or Mac System Logs", "created_at": "2023-05-25T22:56:12.395Z", "created_by": 1, "modified_at": "2023-05-25T22:56:12.395Z", "mitre_tactics": ["TA0005"]}}, {"model": "home.mitretechnique", "pk": "T1070.003", "fields": {"name": "Indicator Removal: Clear Command History", "created_at": "2023-05-25T22:56:12.392Z", "created_by": 1, "modified_at": "2023-05-25T22:56:12.392Z", "mitre_tactics": ["TA0005"]}}, {"model": "home.mitretechnique", "pk": "T1070.004", "fields": {"name": "Indicator Removal: File Deletion", "created_at": "2023-05-25T22:56:12.405Z", "created_by": 1, "modified_at": "2023-05-25T22:56:12.405Z", "mitre_tactics": ["TA0005"]}}, {"model": "home.mitretechnique", "pk": "T1070.005", "fields": {"name": "Indicator Removal: Network Share Connection Removal", "created_at": "2023-05-25T22:56:12.408Z", "created_by": 1, "modified_at": "2023-05-25T22:56:12.408Z", "mitre_tactics": ["TA0005"]}}, {"model": "home.mitretechnique", "pk": "T1070.006", "fields": {"name": "Indicator Removal: Timestomp", "created_at": "2023-05-25T22:56:12.410Z", "created_by": 1, "modified_at": "2023-05-25T22:56:12.410Z", "mitre_tactics": ["TA0005"]}}, {"model": "home.mitretechnique", "pk": "T1070.007", "fields": {"name": "Indicator Removal: Clear Network Connection History and Configurations", "created_at": "2023-05-25T22:56:12.398Z", "created_by": 1, "modified_at": "2023-05-25T22:56:12.398Z", "mitre_tactics": ["TA0005"]}}, {"model": "home.mitretechnique", "pk": "T1070.008", "fields": {"name": "Indicator Removal: Clear Mailbox Data", "created_at": "2023-05-25T22:56:12.396Z", "created_by": 1, "modified_at": "2023-05-25T22:56:12.396Z", "mitre_tactics": ["TA0005"]}}, {"model": "home.mitretechnique", "pk": "T1070.009", "fields": {"name": "Indicator Removal: Clear Persistence", "created_at": "2023-05-25T22:56:12.401Z", "created_by": 1, "modified_at": "2023-05-25T22:56:12.401Z", "mitre_tactics": ["TA0005"]}}, {"model": "home.mitretechnique", "pk": "T1071", "fields": {"name": "Application Layer Protocol", "created_at": "2023-05-25T22:56:11.686Z", "created_by": 1, "modified_at": "2023-05-25T22:56:11.686Z", "mitre_tactics": ["TA0011"]}}, {"model": "home.mitretechnique", "pk": "T1071.001", "fields": {"name": "Application Layer Protocol: Web Protocols", "created_at": "2023-05-25T22:56:11.695Z", "created_by": 1, "modified_at": "2023-05-25T22:56:11.695Z", "mitre_tactics": ["TA0011"]}}, {"model": "home.mitretechnique", "pk": "T1071.002", "fields": {"name": "Application Layer Protocol: File Transfer Protocols", "created_at": "2023-05-25T22:56:11.690Z", "created_by": 1, "modified_at": "2023-05-25T22:56:11.690Z", "mitre_tactics": ["TA0011"]}}, {"model": "home.mitretechnique", "pk": "T1071.003", "fields": {"name": "Application Layer Protocol: Mail Protocols", "created_at": "2023-05-25T22:56:11.693Z", "created_by": 1, "modified_at": "2023-05-25T22:56:11.693Z", "mitre_tactics": ["TA0011"]}}, {"model": "home.mitretechnique", "pk": "T1071.004", "fields": {"name": "Application Layer Protocol: DNS", "created_at": "2023-05-25T22:56:11.688Z", "created_by": 1, "modified_at": "2023-05-25T22:56:11.688Z", "mitre_tactics": ["TA0011"]}}, {"model": "home.mitretechnique", "pk": "T1072", "fields": {"name": "Software Deployment Tools", "created_at": "2023-05-25T22:56:12.908Z", "created_by": 1, "modified_at": "2023-05-25T22:56:12.908Z", "mitre_tactics": ["TA0002", "TA0008"]}}, {"model": "home.mitretechnique", "pk": "T1074", "fields": {"name": "Data Staged", "created_at": "2023-05-25T22:56:11.963Z", "created_by": 1, "modified_at": "2023-05-25T22:56:11.963Z", "mitre_tactics": ["TA0009"]}}, {"model": "home.mitretechnique", "pk": "T1074.001", "fields": {"name": "Data Staged: Local Data Staging", "created_at": "2023-05-25T22:56:11.966Z", "created_by": 1, "modified_at": "2023-05-25T22:56:11.966Z", "mitre_tactics": ["TA0009"]}}, {"model": "home.mitretechnique", "pk": "T1074.002", "fields": {"name": "Data Staged: Remote Data Staging", "created_at": "2023-05-25T22:56:11.968Z", "created_by": 1, "modified_at": "2023-05-25T22:56:11.968Z", "mitre_tactics": ["TA0009"]}}, {"model": "home.mitretechnique", "pk": "T1078", "fields": {"name": "Valid Accounts", "created_at": "2023-05-25T22:56:13.123Z", "created_by": 1, "modified_at": "2023-05-25T22:56:13.123Z", "mitre_tactics": ["TA0005", "TA0001", "TA0003", "TA0004"]}}, {"model": "home.mitretechnique", "pk": "T1078.001", "fields": {"name": "Valid Accounts: Default Accounts", "created_at": "2023-05-25T22:56:13.133Z", "created_by": 1, "modified_at": "2023-05-25T22:56:13.133Z", "mitre_tactics": ["TA0005", "TA0001", "TA0003", "TA0004"]}}, {"model": "home.mitretechnique", "pk": "T1078.002", "fields": {"name": "Valid Accounts: Domain Accounts", "created_at": "2023-05-25T22:56:13.138Z", "created_by": 1, "modified_at": "2023-05-25T22:56:13.138Z", "mitre_tactics": ["TA0005", "TA0001", "TA0003", "TA0004"]}}, {"model": "home.mitretechnique", "pk": "T1078.003", "fields": {"name": "Valid Accounts: Local Accounts", "created_at": "2023-05-25T22:56:13.143Z", "created_by": 1, "modified_at": "2023-05-25T22:56:13.143Z", "mitre_tactics": ["TA0005", "TA0001", "TA0003", "TA0004"]}}, {"model": "home.mitretechnique", "pk": "T1078.004", "fields": {"name": "Valid Accounts: Cloud Accounts", "created_at": "2023-05-25T22:56:13.128Z", "created_by": 1, "modified_at": "2023-05-25T22:56:13.128Z", "mitre_tactics": ["TA0005", "TA0001", "TA0003", "TA0004"]}}, {"model": "home.mitretechnique", "pk": "T1080", "fields": {"name": "Taint Shared Content", "created_at": "2023-05-25T22:56:13.047Z", "created_by": 1, "modified_at": "2023-05-25T22:56:13.047Z", "mitre_tactics": ["TA0008"]}}, {"model": "home.mitretechnique", "pk": "T1082", "fields": {"name": "System Information Discovery", "created_at": "2023-05-25T22:56:13.012Z", "created_by": 1, "modified_at": "2023-05-25T22:56:13.012Z", "mitre_tactics": ["TA0007"]}}, {"model": "home.mitretechnique", "pk": "T1083", "fields": {"name": "File and Directory Discovery", "created_at": "2023-05-25T22:56:12.210Z", "created_by": 1, "modified_at": "2023-05-25T22:56:12.210Z", "mitre_tactics": ["TA0007"]}}, {"model": "home.mitretechnique", "pk": "T1087", "fields": {"name": "Account Discovery", "created_at": "2023-05-25T22:56:11.612Z", "created_by": 1, "modified_at": "2023-05-25T22:56:11.612Z", "mitre_tactics": ["TA0007"]}}, {"model": "home.mitretechnique", "pk": "T1087.001", "fields": {"name": "Account Discovery: Local Account", "created_at": "2023-05-25T22:56:11.622Z", "created_by": 1, "modified_at": "2023-05-25T22:56:11.622Z", "mitre_tactics": ["TA0007"]}}, {"model": "home.mitretechnique", "pk": "T1087.002", "fields": {"name": "Account Discovery: Domain Account", "created_at": "2023-05-25T22:56:11.618Z", "created_by": 1, "modified_at": "2023-05-25T22:56:11.618Z", "mitre_tactics": ["TA0007"]}}, {"model": "home.mitretechnique", "pk": "T1087.003", "fields": {"name": "Account Discovery: Email Account", "created_at": "2023-05-25T22:56:11.620Z", "created_by": 1, "modified_at": "2023-05-25T22:56:11.620Z", "mitre_tactics": ["TA0007"]}}, {"model": "home.mitretechnique", "pk": "T1087.004", "fields": {"name": "Account Discovery: Cloud Account", "created_at": "2023-05-25T22:56:11.615Z", "created_by": 1, "modified_at": "2023-05-25T22:56:11.615Z", "mitre_tactics": ["TA0007"]}}, {"model": "home.mitretechnique", "pk": "T1090", "fields": {"name": "Proxy", "created_at": "2023-05-25T22:56:12.762Z", "created_by": 1, "modified_at": "2023-05-25T22:56:12.762Z", "mitre_tactics": ["TA0011"]}}, {"model": "home.mitretechnique", "pk": "T1090.001", "fields": {"name": "Proxy: Internal Proxy", "created_at": "2023-05-25T22:56:12.769Z", "created_by": 1, "modified_at": "2023-05-25T22:56:12.769Z", "mitre_tactics": ["TA0011"]}}, {"model": "home.mitretechnique", "pk": "T1090.002", "fields": {"name": "Proxy: External Proxy", "created_at": "2023-05-25T22:56:12.767Z", "created_by": 1, "modified_at": "2023-05-25T22:56:12.767Z", "mitre_tactics": ["TA0011"]}}, {"model": "home.mitretechnique", "pk": "T1090.003", "fields": {"name": "Proxy: Multi-hop Proxy", "created_at": "2023-05-25T22:56:12.772Z", "created_by": 1, "modified_at": "2023-05-25T22:56:12.772Z", "mitre_tactics": ["TA0011"]}}, {"model": "home.mitretechnique", "pk": "T1090.004", "fields": {"name": "Proxy: Domain Fronting", "created_at": "2023-05-25T22:56:12.765Z", "created_by": 1, "modified_at": "2023-05-25T22:56:12.765Z", "mitre_tactics": ["TA0011"]}}, {"model": "home.mitretechnique", "pk": "T1091", "fields": {"name": "Replication Through Removable Media", "created_at": "2023-05-25T22:56:12.810Z", "created_by": 1, "modified_at": "2023-05-25T22:56:12.810Z", "mitre_tactics": ["TA0001", "TA0008"]}}, {"model": "home.mitretechnique", "pk": "T1092", "fields": {"name": "Communication Through Removable Media", "created_at": "2023-05-25T22:56:11.851Z", "created_by": 1, "modified_at": "2023-05-25T22:56:11.851Z", "mitre_tactics": ["TA0011"]}}, {"model": "home.mitretechnique", "pk": "T1095", "fields": {"name": "Non-Application Layer Protocol", "created_at": "2023-05-25T22:56:12.559Z", "created_by": 1, "modified_at": "2023-05-25T22:56:12.559Z", "mitre_tactics": ["TA0011"]}}, {"model": "home.mitretechnique", "pk": "T1098", "fields": {"name": "Account Manipulation", "created_at": "2023-05-25T22:56:11.625Z", "created_by": 1, "modified_at": "2023-05-25T22:56:11.625Z", "mitre_tactics": ["TA0003"]}}, {"model": "home.mitretechnique", "pk": "T1098.001", "fields": {"name": "Account Manipulation: Additional Cloud Credentials", "created_at": "2023-05-25T22:56:11.627Z", "created_by": 1, "modified_at": "2023-05-25T22:56:11.627Z", "mitre_tactics": ["TA0003"]}}, {"model": "home.mitretechnique", "pk": "T1098.002", "fields": {"name": "Account Manipulation: Additional Email Delegate Permissions", "created_at": "2023-05-25T22:56:11.632Z", "created_by": 1, "modified_at": "2023-05-25T22:56:11.632Z", "mitre_tactics": ["TA0003"]}}, {"model": "home.mitretechnique", "pk": "T1098.003", "fields": {"name": "Account Manipulation: Additional Cloud Roles", "created_at": "2023-05-25T22:56:11.629Z", "created_by": 1, "modified_at": "2023-05-25T22:56:11.629Z", "mitre_tactics": ["TA0003"]}}, {"model": "home.mitretechnique", "pk": "T1098.004", "fields": {"name": "Account Manipulation: SSH Authorized Keys", "created_at": "2023-05-25T22:56:11.636Z", "created_by": 1, "modified_at": "2023-05-25T22:56:11.636Z", "mitre_tactics": ["TA0003"]}}, {"model": "home.mitretechnique", "pk": "T1098.005", "fields": {"name": "Account Manipulation: Device Registration", "created_at": "2023-05-25T22:56:11.634Z", "created_by": 1, "modified_at": "2023-05-25T22:56:11.634Z", "mitre_tactics": ["TA0003"]}}, {"model": "home.mitretechnique", "pk": "T1102", "fields": {"name": "Web Service", "created_at": "2023-05-25T22:56:13.170Z", "created_by": 1, "modified_at": "2023-05-25T22:56:13.170Z", "mitre_tactics": ["TA0011"]}}, {"model": "home.mitretechnique", "pk": "T1102.001", "fields": {"name": "Web Service: Dead Drop Resolver", "created_at": "2023-05-25T22:56:13.175Z", "created_by": 1, "modified_at": "2023-05-25T22:56:13.175Z", "mitre_tactics": ["TA0011"]}}, {"model": "home.mitretechnique", "pk": "T1102.002", "fields": {"name": "Web Service: Bidirectional Communication", "created_at": "2023-05-25T22:56:13.172Z", "created_by": 1, "modified_at": "2023-05-25T22:56:13.172Z", "mitre_tactics": ["TA0011"]}}, {"model": "home.mitretechnique", "pk": "T1102.003", "fields": {"name": "Web Service: One-Way Communication", "created_at": "2023-05-25T22:56:13.177Z", "created_by": 1, "modified_at": "2023-05-25T22:56:13.177Z", "mitre_tactics": ["TA0011"]}}, {"model": "home.mitretechnique", "pk": "T1104", "fields": {"name": "Multi-Stage Channels", "created_at": "2023-05-25T22:56:12.534Z", "created_by": 1, "modified_at": "2023-05-25T22:56:12.534Z", "mitre_tactics": ["TA0011"]}}, {"model": "home.mitretechnique", "pk": "T1105", "fields": {"name": "Ingress Tool Transfer", "created_at": "2023-05-25T22:56:12.416Z", "created_by": 1, "modified_at": "2023-05-25T22:56:12.416Z", "mitre_tactics": ["TA0011"]}}, {"model": "home.mitretechnique", "pk": "T1106", "fields": {"name": "Native API", "created_at": "2023-05-25T22:56:12.536Z", "created_by": 1, "modified_at": "2023-05-25T22:56:12.536Z", "mitre_tactics": ["TA0002"]}}, {"model": "home.mitretechnique", "pk": "T1110", "fields": {"name": "Brute Force", "created_at": "2023-05-25T22:56:11.799Z", "created_by": 1, "modified_at": "2023-05-25T22:56:11.799Z", "mitre_tactics": ["TA0006"]}}, {"model": "home.mitretechnique", "pk": "T1110.001", "fields": {"name": "Brute Force: Password Guessing", "created_at": "2023-05-25T22:56:11.806Z", "created_by": 1, "modified_at": "2023-05-25T22:56:11.806Z", "mitre_tactics": ["TA0006"]}}, {"model": "home.mitretechnique", "pk": "T1110.002", "fields": {"name": "Brute Force: Password Cracking", "created_at": "2023-05-25T22:56:11.804Z", "created_by": 1, "modified_at": "2023-05-25T22:56:11.804Z", "mitre_tactics": ["TA0006"]}}, {"model": "home.mitretechnique", "pk": "T1110.003", "fields": {"name": "Brute Force: Password Spraying", "created_at": "2023-05-25T22:56:11.809Z", "created_by": 1, "modified_at": "2023-05-25T22:56:11.809Z", "mitre_tactics": ["TA0006"]}}, {"model": "home.mitretechnique", "pk": "T1110.004", "fields": {"name": "Brute Force: Credential Stuffing", "created_at": "2023-05-25T22:56:11.802Z", "created_by": 1, "modified_at": "2023-05-25T22:56:11.802Z", "mitre_tactics": ["TA0006"]}}, {"model": "home.mitretechnique", "pk": "T1111", "fields": {"name": "Multi-Factor Authentication Interception", "created_at": "2023-05-25T22:56:12.529Z", "created_by": 1, "modified_at": "2023-05-25T22:56:12.529Z", "mitre_tactics": ["TA0006"]}}, {"model": "home.mitretechnique", "pk": "T1112", "fields": {"name": "Modify Registry", "created_at": "2023-05-25T22:56:12.520Z", "created_by": 1, "modified_at": "2023-05-25T22:56:12.520Z", "mitre_tactics": ["TA0005"]}}, {"model": "home.mitretechnique", "pk": "T1113", "fields": {"name": "Screen Capture", "created_at": "2023-05-25T22:56:12.850Z", "created_by": 1, "modified_at": "2023-05-25T22:56:12.850Z", "mitre_tactics": ["TA0009"]}}, {"model": "home.mitretechnique", "pk": "T1114", "fields": {"name": "Email Collection", "created_at": "2023-05-25T22:56:12.062Z", "created_by": 1, "modified_at": "2023-05-25T22:56:12.062Z", "mitre_tactics": ["TA0009"]}}, {"model": "home.mitretechnique", "pk": "T1114.001", "fields": {"name": "Email Collection: Local Email Collection", "created_at": "2023-05-25T22:56:12.066Z", "created_by": 1, "modified_at": "2023-05-25T22:56:12.066Z", "mitre_tactics": ["TA0009"]}}, {"model": "home.mitretechnique", "pk": "T1114.002", "fields": {"name": "Email Collection: Remote Email Collection", "created_at": "2023-05-25T22:56:12.069Z", "created_by": 1, "modified_at": "2023-05-25T22:56:12.069Z", "mitre_tactics": ["TA0009"]}}, {"model": "home.mitretechnique", "pk": "T1114.003", "fields": {"name": "Email Collection: Email Forwarding Rule", "created_at": "2023-05-25T22:56:12.064Z", "created_by": 1, "modified_at": "2023-05-25T22:56:12.064Z", "mitre_tactics": ["TA0009"]}}, {"model": "home.mitretechnique", "pk": "T1115", "fields": {"name": "Clipboard Data", "created_at": "2023-05-25T22:56:11.813Z", "created_by": 1, "modified_at": "2023-05-25T22:56:11.813Z", "mitre_tactics": ["TA0009"]}}, {"model": "home.mitretechnique", "pk": "T1119", "fields": {"name": "Automated Collection", "created_at": "2023-05-25T22:56:11.712Z", "created_by": 1, "modified_at": "2023-05-25T22:56:11.712Z", "mitre_tactics": ["TA0009"]}}, {"model": "home.mitretechnique", "pk": "T1120", "fields": {"name": "Peripheral Device Discovery", "created_at": "2023-05-25T22:56:12.656Z", "created_by": 1, "modified_at": "2023-05-25T22:56:12.656Z", "mitre_tactics": ["TA0007"]}}, {"model": "home.mitretechnique", "pk": "T1123", "fields": {"name": "Audio Capture", "created_at": "2023-05-25T22:56:11.710Z", "created_by": 1, "modified_at": "2023-05-25T22:56:11.710Z", "mitre_tactics": ["TA0009"]}}, {"model": "home.mitretechnique", "pk": "T1124", "fields": {"name": "System Time Discovery", "created_at": "2023-05-25T22:56:13.045Z", "created_by": 1, "modified_at": "2023-05-25T22:56:13.045Z", "mitre_tactics": ["TA0007"]}}, {"model": "home.mitretechnique", "pk": "T1125", "fields": {"name": "Video Capture", "created_at": "2023-05-25T22:56:13.148Z", "created_by": 1, "modified_at": "2023-05-25T22:56:13.148Z", "mitre_tactics": ["TA0009"]}}, {"model": "home.mitretechnique", "pk": "T1127", "fields": {"name": "Trusted Developer Utilities Proxy Execution", "created_at": "2023-05-25T22:56:13.067Z", "created_by": 1, "modified_at": "2023-05-25T22:56:13.067Z", "mitre_tactics": ["TA0005"]}}, {"model": "home.mitretechnique", "pk": "T1127.001", "fields": {"name": "Trusted Developer Utilities Proxy Execution: MSBuild", "created_at": "2023-05-25T22:56:13.070Z", "created_by": 1, "modified_at": "2023-05-25T22:56:13.070Z", "mitre_tactics": ["TA0005"]}}, {"model": "home.mitretechnique", "pk": "T1129", "fields": {"name": "Shared Modules", "created_at": "2023-05-25T22:56:12.906Z", "created_by": 1, "modified_at": "2023-05-25T22:56:12.906Z", "mitre_tactics": ["TA0002"]}}, {"model": "home.mitretechnique", "pk": "T1132", "fields": {"name": "Data Encoding", "created_at": "2023-05-25T22:56:11.935Z", "created_by": 1, "modified_at": "2023-05-25T22:56:11.935Z", "mitre_tactics": ["TA0011"]}}, {"model": "home.mitretechnique", "pk": "T1132.001", "fields": {"name": "Data Encoding: Standard Encoding", "created_at": "2023-05-25T22:56:11.940Z", "created_by": 1, "modified_at": "2023-05-25T22:56:11.940Z", "mitre_tactics": ["TA0011"]}}, {"model": "home.mitretechnique", "pk": "T1132.002", "fields": {"name": "Data Encoding: Non-Standard Encoding", "created_at": "2023-05-25T22:56:11.937Z", "created_by": 1, "modified_at": "2023-05-25T22:56:11.937Z", "mitre_tactics": ["TA0011"]}}, {"model": "home.mitretechnique", "pk": "T1133", "fields": {"name": "External Remote Services", "created_at": "2023-05-25T22:56:12.204Z", "created_by": 1, "modified_at": "2023-05-25T22:56:12.204Z", "mitre_tactics": ["TA0001", "TA0003"]}}, {"model": "home.mitretechnique", "pk": "T1134", "fields": {"name": "Access Token Manipulation", "created_at": "2023-05-25T22:56:11.590Z", "created_by": 1, "modified_at": "2023-05-25T22:56:11.590Z", "mitre_tactics": ["TA0004", "TA0005"]}}, {"model": "home.mitretechnique", "pk": "T1134.001", "fields": {"name": "Access Token Manipulation: Token Impersonation/Theft", "created_at": "2023-05-25T22:56:11.607Z", "created_by": 1, "modified_at": "2023-05-25T22:56:11.607Z", "mitre_tactics": ["TA0004", "TA0005"]}}, {"model": "home.mitretechnique", "pk": "T1134.002", "fields": {"name": "Access Token Manipulation: Create Process with Token", "created_at": "2023-05-25T22:56:11.593Z", "created_by": 1, "modified_at": "2023-05-25T22:56:11.593Z", "mitre_tactics": ["TA0004", "TA0005"]}}, {"model": "home.mitretechnique", "pk": "T1134.003", "fields": {"name": "Access Token Manipulation: Make and Impersonate Token", "created_at": "2023-05-25T22:56:11.597Z", "created_by": 1, "modified_at": "2023-05-25T22:56:11.597Z", "mitre_tactics": ["TA0004", "TA0005"]}}, {"model": "home.mitretechnique", "pk": "T1134.004", "fields": {"name": "Access Token Manipulation: Parent PID Spoofing", "created_at": "2023-05-25T22:56:11.600Z", "created_by": 1, "modified_at": "2023-05-25T22:56:11.600Z", "mitre_tactics": ["TA0004", "TA0005"]}}, {"model": "home.mitretechnique", "pk": "T1134.005", "fields": {"name": "Access Token Manipulation: SID-History Injection", "created_at": "2023-05-25T22:56:11.604Z", "created_by": 1, "modified_at": "2023-05-25T22:56:11.604Z", "mitre_tactics": ["TA0004", "TA0005"]}}, {"model": "home.mitretechnique", "pk": "T1135", "fields": {"name": "Network Share Discovery", "created_at": "2023-05-25T22:56:12.553Z", "created_by": 1, "modified_at": "2023-05-25T22:56:12.553Z", "mitre_tactics": ["TA0007"]}}, {"model": "home.mitretechnique", "pk": "T1136", "fields": {"name": "Create Account", "created_at": "2023-05-25T22:56:11.891Z", "created_by": 1, "modified_at": "2023-05-25T22:56:11.891Z", "mitre_tactics": ["TA0003"]}}, {"model": "home.mitretechnique", "pk": "T1136.001", "fields": {"name": "Create Account: Local Account", "created_at": "2023-05-25T22:56:11.898Z", "created_by": 1, "modified_at": "2023-05-25T22:56:11.898Z", "mitre_tactics": ["TA0003"]}}, {"model": "home.mitretechnique", "pk": "T1136.002", "fields": {"name": "Create Account: Domain Account", "created_at": "2023-05-25T22:56:11.896Z", "created_by": 1, "modified_at": "2023-05-25T22:56:11.896Z", "mitre_tactics": ["TA0003"]}}, {"model": "home.mitretechnique", "pk": "T1136.003", "fields": {"name": "Create Account: Cloud Account", "created_at": "2023-05-25T22:56:11.893Z", "created_by": 1, "modified_at": "2023-05-25T22:56:11.893Z", "mitre_tactics": ["TA0003"]}}, {"model": "home.mitretechnique", "pk": "T1137", "fields": {"name": "Office Application Startup", "created_at": "2023-05-25T22:56:12.635Z", "created_by": 1, "modified_at": "2023-05-25T22:56:12.635Z", "mitre_tactics": ["TA0003"]}}, {"model": "home.mitretechnique", "pk": "T1137.001", "fields": {"name": "Office Application Startup: Office Template Macros", "created_at": "2023-05-25T22:56:12.640Z", "created_by": 1, "modified_at": "2023-05-25T22:56:12.640Z", "mitre_tactics": ["TA0003"]}}, {"model": "home.mitretechnique", "pk": "T1137.002", "fields": {"name": "Office Application Startup: Office Test", "created_at": "2023-05-25T22:56:12.642Z", "created_by": 1, "modified_at": "2023-05-25T22:56:12.642Z", "mitre_tactics": ["TA0003"]}}, {"model": "home.mitretechnique", "pk": "T1137.003", "fields": {"name": "Office Application Startup: Outlook Forms", "created_at": "2023-05-25T22:56:12.645Z", "created_by": 1, "modified_at": "2023-05-25T22:56:12.645Z", "mitre_tactics": ["TA0003"]}}, {"model": "home.mitretechnique", "pk": "T1137.004", "fields": {"name": "Office Application Startup: Outlook Home Page", "created_at": "2023-05-25T22:56:12.648Z", "created_by": 1, "modified_at": "2023-05-25T22:56:12.648Z", "mitre_tactics": ["TA0003"]}}, {"model": "home.mitretechnique", "pk": "T1137.005", "fields": {"name": "Office Application Startup: Outlook Rules", "created_at": "2023-05-25T22:56:12.651Z", "created_by": 1, "modified_at": "2023-05-25T22:56:12.651Z", "mitre_tactics": ["TA0003"]}}, {"model": "home.mitretechnique", "pk": "T1137.006", "fields": {"name": "Office Application Startup: Add-ins", "created_at": "2023-05-25T22:56:12.637Z", "created_by": 1, "modified_at": "2023-05-25T22:56:12.637Z", "mitre_tactics": ["TA0003"]}}, {"model": "home.mitretechnique", "pk": "T1140", "fields": {"name": "Deobfuscate/Decode Files or Information", "created_at": "2023-05-25T22:56:12.010Z", "created_by": 1, "modified_at": "2023-05-25T22:56:12.010Z", "mitre_tactics": ["TA0005"]}}, {"model": "home.mitretechnique", "pk": "T1176", "fields": {"name": "Browser Extensions", "created_at": "2023-05-25T22:56:11.792Z", "created_by": 1, "modified_at": "2023-05-25T22:56:11.792Z", "mitre_tactics": ["TA0003"]}}, {"model": "home.mitretechnique", "pk": "T1185", "fields": {"name": "Browser Session Hijacking", "created_at": "2023-05-25T22:56:11.796Z", "created_by": 1, "modified_at": "2023-05-25T22:56:11.796Z", "mitre_tactics": ["TA0009"]}}, {"model": "home.mitretechnique", "pk": "T1187", "fields": {"name": "Forced Authentication", "created_at": "2023-05-25T22:56:12.221Z", "created_by": 1, "modified_at": "2023-05-25T22:56:12.221Z", "mitre_tactics": ["TA0006"]}}, {"model": "home.mitretechnique", "pk": "T1189", "fields": {"name": "Drive-by Compromise", "created_at": "2023-05-25T22:56:12.051Z", "created_by": 1, "modified_at": "2023-05-25T22:56:12.051Z", "mitre_tactics": ["TA0001"]}}, {"model": "home.mitretechnique", "pk": "T1190", "fields": {"name": "Exploit Public-Facing Application", "created_at": "2023-05-25T22:56:12.191Z", "created_by": 1, "modified_at": "2023-05-25T22:56:12.191Z", "mitre_tactics": ["TA0001"]}}, {"model": "home.mitretechnique", "pk": "T1195", "fields": {"name": "Supply Chain Compromise", "created_at": "2023-05-25T22:56:12.969Z", "created_by": 1, "modified_at": "2023-05-25T22:56:12.969Z", "mitre_tactics": ["TA0001"]}}, {"model": "home.mitretechnique", "pk": "T1195.001", "fields": {"name": "Supply Chain Compromise: Compromise Software Dependencies and Development Tools", "created_at": "2023-05-25T22:56:12.974Z", "created_by": 1, "modified_at": "2023-05-25T22:56:12.974Z", "mitre_tactics": ["TA0001"]}}, {"model": "home.mitretechnique", "pk": "T1195.002", "fields": {"name": "Supply Chain Compromise: Compromise Software Supply Chain", "created_at": "2023-05-25T22:56:12.976Z", "created_by": 1, "modified_at": "2023-05-25T22:56:12.976Z", "mitre_tactics": ["TA0001"]}}, {"model": "home.mitretechnique", "pk": "T1195.003", "fields": {"name": "Supply Chain Compromise: Compromise Hardware Supply Chain", "created_at": "2023-05-25T22:56:12.971Z", "created_by": 1, "modified_at": "2023-05-25T22:56:12.971Z", "mitre_tactics": ["TA0001"]}}, {"model": "home.mitretechnique", "pk": "T1197", "fields": {"name": "BITS Jobs", "created_at": "2023-05-25T22:56:11.719Z", "created_by": 1, "modified_at": "2023-05-25T22:56:11.719Z", "mitre_tactics": ["TA0003", "TA0005"]}}, {"model": "home.mitretechnique", "pk": "T1199", "fields": {"name": "Trusted Relationship", "created_at": "2023-05-25T22:56:13.072Z", "created_by": 1, "modified_at": "2023-05-25T22:56:13.072Z", "mitre_tactics": ["TA0001"]}}, {"model": "home.mitretechnique", "pk": "T1200", "fields": {"name": "Hardware Additions", "created_at": "2023-05-25T22:56:12.281Z", "created_by": 1, "modified_at": "2023-05-25T22:56:12.281Z", "mitre_tactics": ["TA0001"]}}, {"model": "home.mitretechnique", "pk": "T1201", "fields": {"name": "Password Policy Discovery", "created_at": "2023-05-25T22:56:12.654Z", "created_by": 1, "modified_at": "2023-05-25T22:56:12.654Z", "mitre_tactics": ["TA0007"]}}, {"model": "home.mitretechnique", "pk": "T1202", "fields": {"name": "Indirect Command Execution", "created_at": "2023-05-25T22:56:12.414Z", "created_by": 1, "modified_at": "2023-05-25T22:56:12.414Z", "mitre_tactics": ["TA0005"]}}, {"model": "home.mitretechnique", "pk": "T1203", "fields": {"name": "Exploitation for Client Execution", "created_at": "2023-05-25T22:56:12.193Z", "created_by": 1, "modified_at": "2023-05-25T22:56:12.193Z", "mitre_tactics": ["TA0002"]}}, {"model": "home.mitretechnique", "pk": "T1204", "fields": {"name": "User Execution", "created_at": "2023-05-25T22:56:13.114Z", "created_by": 1, "modified_at": "2023-05-25T22:56:13.114Z", "mitre_tactics": ["TA0002"]}}, {"model": "home.mitretechnique", "pk": "T1204.001", "fields": {"name": "User Execution: Malicious Link", "created_at": "2023-05-25T22:56:13.121Z", "created_by": 1, "modified_at": "2023-05-25T22:56:13.121Z", "mitre_tactics": ["TA0002"]}}, {"model": "home.mitretechnique", "pk": "T1204.002", "fields": {"name": "User Execution: Malicious File", "created_at": "2023-05-25T22:56:13.116Z", "created_by": 1, "modified_at": "2023-05-25T22:56:13.116Z", "mitre_tactics": ["TA0002"]}}, {"model": "home.mitretechnique", "pk": "T1204.003", "fields": {"name": "User Execution: Malicious Image", "created_at": "2023-05-25T22:56:13.118Z", "created_by": 1, "modified_at": "2023-05-25T22:56:13.118Z", "mitre_tactics": ["TA0002"]}}, {"model": "home.mitretechnique", "pk": "T1205", "fields": {"name": "Traffic Signaling", "created_at": "2023-05-25T22:56:13.052Z", "created_by": 1, "modified_at": "2023-05-25T22:56:13.052Z", "mitre_tactics": ["TA0011", "TA0005", "TA0003"]}}, {"model": "home.mitretechnique", "pk": "T1205.001", "fields": {"name": "Traffic Signaling: Port Knocking", "created_at": "2023-05-25T22:56:13.057Z", "created_by": 1, "modified_at": "2023-05-25T22:56:13.057Z", "mitre_tactics": ["TA0011", "TA0005", "TA0003"]}}, {"model": "home.mitretechnique", "pk": "T1205.002", "fields": {"name": "Traffic Signaling: Socket Filters", "created_at": "2023-05-25T22:56:13.061Z", "created_by": 1, "modified_at": "2023-05-25T22:56:13.061Z", "mitre_tactics": ["TA0011", "TA0005", "TA0003"]}}, {"model": "home.mitretechnique", "pk": "T1207", "fields": {"name": "Rogue Domain Controller", "created_at": "2023-05-25T22:56:12.816Z", "created_by": 1, "modified_at": "2023-05-25T22:56:12.816Z", "mitre_tactics": ["TA0005"]}}, {"model": "home.mitretechnique", "pk": "T1210", "fields": {"name": "Exploitation of Remote Services", "created_at": "2023-05-25T22:56:12.203Z", "created_by": 1, "modified_at": "2023-05-25T22:56:12.203Z", "mitre_tactics": ["TA0008"]}}, {"model": "home.mitretechnique", "pk": "T1211", "fields": {"name": "Exploitation for Defense Evasion", "created_at": "2023-05-25T22:56:12.198Z", "created_by": 1, "modified_at": "2023-05-25T22:56:12.198Z", "mitre_tactics": ["TA0005"]}}, {"model": "home.mitretechnique", "pk": "T1212", "fields": {"name": "Exploitation for Credential Access", "created_at": "2023-05-25T22:56:12.196Z", "created_by": 1, "modified_at": "2023-05-25T22:56:12.196Z", "mitre_tactics": ["TA0006"]}}, {"model": "home.mitretechnique", "pk": "T1213", "fields": {"name": "Data from Information Repositories", "created_at": "2023-05-25T22:56:11.982Z", "created_by": 1, "modified_at": "2023-05-25T22:56:11.982Z", "mitre_tactics": ["TA0009"]}}, {"model": "home.mitretechnique", "pk": "T1213.001", "fields": {"name": "Data from Information Repositories: Confluence", "created_at": "2023-05-25T22:56:11.987Z", "created_by": 1, "modified_at": "2023-05-25T22:56:11.987Z", "mitre_tactics": ["TA0009"]}}, {"model": "home.mitretechnique", "pk": "T1213.002", "fields": {"name": "Data from Information Repositories: Sharepoint", "created_at": "2023-05-25T22:56:11.990Z", "created_by": 1, "modified_at": "2023-05-25T22:56:11.990Z", "mitre_tactics": ["TA0009"]}}, {"model": "home.mitretechnique", "pk": "T1213.003", "fields": {"name": "Data from Information Repositories: Code Repositories", "created_at": "2023-05-25T22:56:11.985Z", "created_by": 1, "modified_at": "2023-05-25T22:56:11.985Z", "mitre_tactics": ["TA0009"]}}, {"model": "home.mitretechnique", "pk": "T1216", "fields": {"name": "System Script Proxy Execution", "created_at": "2023-05-25T22:56:13.028Z", "created_by": 1, "modified_at": "2023-05-25T22:56:13.028Z", "mitre_tactics": ["TA0005"]}}, {"model": "home.mitretechnique", "pk": "T1216.001", "fields": {"name": "System Script Proxy Execution: PubPrn", "created_at": "2023-05-25T22:56:13.031Z", "created_by": 1, "modified_at": "2023-05-25T22:56:13.031Z", "mitre_tactics": ["TA0005"]}}, {"model": "home.mitretechnique", "pk": "T1217", "fields": {"name": "Browser Information Discovery", "created_at": "2023-05-25T22:56:11.795Z", "created_by": 1, "modified_at": "2023-05-25T22:56:11.795Z", "mitre_tactics": ["TA0007"]}}, {"model": "home.mitretechnique", "pk": "T1218", "fields": {"name": "System Binary Proxy Execution", "created_at": "2023-05-25T22:56:12.979Z", "created_by": 1, "modified_at": "2023-05-25T22:56:12.979Z", "mitre_tactics": ["TA0005"]}}, {"model": "home.mitretechnique", "pk": "T1218.001", "fields": {"name": "System Binary Proxy Execution: Compiled HTML File", "created_at": "2023-05-25T22:56:12.983Z", "created_by": 1, "modified_at": "2023-05-25T22:56:12.983Z", "mitre_tactics": ["TA0005"]}}, {"model": "home.mitretechnique", "pk": "T1218.002", "fields": {"name": "System Binary Proxy Execution: Control Panel", "created_at": "2023-05-25T22:56:12.986Z", "created_by": 1, "modified_at": "2023-05-25T22:56:12.986Z", "mitre_tactics": ["TA0005"]}}, {"model": "home.mitretechnique", "pk": "T1218.003", "fields": {"name": "System Binary Proxy Execution: CMSTP", "created_at": "2023-05-25T22:56:12.981Z", "created_by": 1, "modified_at": "2023-05-25T22:56:12.981Z", "mitre_tactics": ["TA0005"]}}, {"model": "home.mitretechnique", "pk": "T1218.004", "fields": {"name": "System Binary Proxy Execution: InstallUtil", "created_at": "2023-05-25T22:56:12.988Z", "created_by": 1, "modified_at": "2023-05-25T22:56:12.988Z", "mitre_tactics": ["TA0005"]}}, {"model": "home.mitretechnique", "pk": "T1218.005", "fields": {"name": "System Binary Proxy Execution: Mshta", "created_at": "2023-05-25T22:56:12.995Z", "created_by": 1, "modified_at": "2023-05-25T22:56:12.995Z", "mitre_tactics": ["TA0005"]}}, {"model": "home.mitretechnique", "pk": "T1218.007", "fields": {"name": "System Binary Proxy Execution: Msiexec", "created_at": "2023-05-25T22:56:12.997Z", "created_by": 1, "modified_at": "2023-05-25T22:56:12.997Z", "mitre_tactics": ["TA0005"]}}, {"model": "home.mitretechnique", "pk": "T1218.008", "fields": {"name": "System Binary Proxy Execution: Odbcconf", "created_at": "2023-05-25T22:56:13.000Z", "created_by": 1, "modified_at": "2023-05-25T22:56:13.000Z", "mitre_tactics": ["TA0005"]}}, {"model": "home.mitretechnique", "pk": "T1218.009", "fields": {"name": "System Binary Proxy Execution: Regsvcs/Regasm", "created_at": "2023-05-25T22:56:13.002Z", "created_by": 1, "modified_at": "2023-05-25T22:56:13.002Z", "mitre_tactics": ["TA0005"]}}, {"model": "home.mitretechnique", "pk": "T1218.010", "fields": {"name": "System Binary Proxy Execution: Regsvr32", "created_at": "2023-05-25T22:56:13.005Z", "created_by": 1, "modified_at": "2023-05-25T22:56:13.005Z", "mitre_tactics": ["TA0005"]}}, {"model": "home.mitretechnique", "pk": "T1218.011", "fields": {"name": "System Binary Proxy Execution: Rundll32", "created_at": "2023-05-25T22:56:13.007Z", "created_by": 1, "modified_at": "2023-05-25T22:56:13.007Z", "mitre_tactics": ["TA0005"]}}, {"model": "home.mitretechnique", "pk": "T1218.012", "fields": {"name": "System Binary Proxy Execution: Verclsid", "created_at": "2023-05-25T22:56:13.009Z", "created_by": 1, "modified_at": "2023-05-25T22:56:13.009Z", "mitre_tactics": ["TA0005"]}}, {"model": "home.mitretechnique", "pk": "T1218.013", "fields": {"name": "System Binary Proxy Execution: Mavinject", "created_at": "2023-05-25T22:56:12.993Z", "created_by": 1, "modified_at": "2023-05-25T22:56:12.993Z", "mitre_tactics": ["TA0005"]}}, {"model": "home.mitretechnique", "pk": "T1218.014", "fields": {"name": "System Binary Proxy Execution: MMC", "created_at": "2023-05-25T22:56:12.990Z", "created_by": 1, "modified_at": "2023-05-25T22:56:12.990Z", "mitre_tactics": ["TA0005"]}}, {"model": "home.mitretechnique", "pk": "T1219", "fields": {"name": "Remote Access Software", "created_at": "2023-05-25T22:56:12.779Z", "created_by": 1, "modified_at": "2023-05-25T22:56:12.779Z", "mitre_tactics": ["TA0011"]}}, {"model": "home.mitretechnique", "pk": "T1220", "fields": {"name": "XSL Script Processing", "created_at": "2023-05-25T22:56:13.182Z", "created_by": 1, "modified_at": "2023-05-25T22:56:13.182Z", "mitre_tactics": ["TA0005"]}}, {"model": "home.mitretechnique", "pk": "T1221", "fields": {"name": "Template Injection", "created_at": "2023-05-25T22:56:13.050Z", "created_by": 1, "modified_at": "2023-05-25T22:56:13.050Z", "mitre_tactics": ["TA0005"]}}, {"model": "home.mitretechnique", "pk": "T1222", "fields": {"name": "File and Directory Permissions Modification", "created_at": "2023-05-25T22:56:12.212Z", "created_by": 1, "modified_at": "2023-05-25T22:56:12.212Z", "mitre_tactics": ["TA0005"]}}, {"model": "home.mitretechnique", "pk": "T1222.001", "fields": {"name": "File and Directory Permissions Modification: Windows File and Directory Permissions Modification", "created_at": "2023-05-25T22:56:12.217Z", "created_by": 1, "modified_at": "2023-05-25T22:56:12.217Z", "mitre_tactics": ["TA0005"]}}, {"model": "home.mitretechnique", "pk": "T1222.002", "fields": {"name": "File and Directory Permissions Modification: Linux and Mac File and Directory Permissions Modification", "created_at": "2023-05-25T22:56:12.214Z", "created_by": 1, "modified_at": "2023-05-25T22:56:12.214Z", "mitre_tactics": ["TA0005"]}}, {"model": "home.mitretechnique", "pk": "T1480", "fields": {"name": "Execution Guardrails", "created_at": "2023-05-25T22:56:12.156Z", "created_by": 1, "modified_at": "2023-05-25T22:56:12.156Z", "mitre_tactics": ["TA0005"]}}, {"model": "home.mitretechnique", "pk": "T1480.001", "fields": {"name": "Execution Guardrails: Environmental Keying", "created_at": "2023-05-25T22:56:12.158Z", "created_by": 1, "modified_at": "2023-05-25T22:56:12.158Z", "mitre_tactics": ["TA0005"]}}, {"model": "home.mitretechnique", "pk": "T1482", "fields": {"name": "Domain Trust Discovery", "created_at": "2023-05-25T22:56:12.048Z", "created_by": 1, "modified_at": "2023-05-25T22:56:12.048Z", "mitre_tactics": ["TA0007"]}}, {"model": "home.mitretechnique", "pk": "T1484", "fields": {"name": "Domain Policy Modification", "created_at": "2023-05-25T22:56:12.039Z", "created_by": 1, "modified_at": "2023-05-25T22:56:12.039Z", "mitre_tactics": ["TA0004", "TA0005"]}}, {"model": "home.mitretechnique", "pk": "T1484.001", "fields": {"name": "Domain Policy Modification: Group Policy Modification", "created_at": "2023-05-25T22:56:12.045Z", "created_by": 1, "modified_at": "2023-05-25T22:56:12.045Z", "mitre_tactics": ["TA0004", "TA0005"]}}, {"model": "home.mitretechnique", "pk": "T1484.002", "fields": {"name": "Domain Policy Modification: Domain Trust Modification", "created_at": "2023-05-25T22:56:12.042Z", "created_by": 1, "modified_at": "2023-05-25T22:56:12.042Z", "mitre_tactics": ["TA0004", "TA0005"]}}, {"model": "home.mitretechnique", "pk": "T1485", "fields": {"name": "Data Destruction", "created_at": "2023-05-25T22:56:11.933Z", "created_by": 1, "modified_at": "2023-05-25T22:56:11.933Z", "mitre_tactics": ["TA0040"]}}, {"model": "home.mitretechnique", "pk": "T1486", "fields": {"name": "Data Encrypted for Impact", "created_at": "2023-05-25T22:56:11.942Z", "created_by": 1, "modified_at": "2023-05-25T22:56:11.942Z", "mitre_tactics": ["TA0040"]}}, {"model": "home.mitretechnique", "pk": "T1489", "fields": {"name": "Service Stop", "created_at": "2023-05-25T22:56:12.904Z", "created_by": 1, "modified_at": "2023-05-25T22:56:12.904Z", "mitre_tactics": ["TA0040"]}}, {"model": "home.mitretechnique", "pk": "T1490", "fields": {"name": "Inhibit System Recovery", "created_at": "2023-05-25T22:56:12.419Z", "created_by": 1, "modified_at": "2023-05-25T22:56:12.419Z", "mitre_tactics": ["TA0040"]}}, {"model": "home.mitretechnique", "pk": "T1491", "fields": {"name": "Defacement", "created_at": "2023-05-25T22:56:12.003Z", "created_by": 1, "modified_at": "2023-05-25T22:56:12.003Z", "mitre_tactics": ["TA0040"]}}, {"model": "home.mitretechnique", "pk": "T1491.001", "fields": {"name": "Defacement: Internal Defacement", "created_at": "2023-05-25T22:56:12.008Z", "created_by": 1, "modified_at": "2023-05-25T22:56:12.008Z", "mitre_tactics": ["TA0040"]}}, {"model": "home.mitretechnique", "pk": "T1491.002", "fields": {"name": "Defacement: External Defacement", "created_at": "2023-05-25T22:56:12.005Z", "created_by": 1, "modified_at": "2023-05-25T22:56:12.005Z", "mitre_tactics": ["TA0040"]}}, {"model": "home.mitretechnique", "pk": "T1495", "fields": {"name": "Firmware Corruption", "created_at": "2023-05-25T22:56:12.219Z", "created_by": 1, "modified_at": "2023-05-25T22:56:12.219Z", "mitre_tactics": ["TA0040"]}}, {"model": "home.mitretechnique", "pk": "T1496", "fields": {"name": "Resource Hijacking", "created_at": "2023-05-25T22:56:12.814Z", "created_by": 1, "modified_at": "2023-05-25T22:56:12.814Z", "mitre_tactics": ["TA0040"]}}, {"model": "home.mitretechnique", "pk": "T1497", "fields": {"name": "Virtualization/Sandbox Evasion", "created_at": "2023-05-25T22:56:13.150Z", "created_by": 1, "modified_at": "2023-05-25T22:56:13.150Z", "mitre_tactics": ["TA0005", "TA0007"]}}, {"model": "home.mitretechnique", "pk": "T1497.001", "fields": {"name": "Virtualization/Sandbox Evasion: System Checks", "created_at": "2023-05-25T22:56:13.154Z", "created_by": 1, "modified_at": "2023-05-25T22:56:13.154Z", "mitre_tactics": ["TA0005", "TA0007"]}}, {"model": "home.mitretechnique", "pk": "T1497.002", "fields": {"name": "Virtualization/Sandbox Evasion: User Activity Based Checks", "created_at": "2023-05-25T22:56:13.160Z", "created_by": 1, "modified_at": "2023-05-25T22:56:13.160Z", "mitre_tactics": ["TA0005", "TA0007"]}}, {"model": "home.mitretechnique", "pk": "T1497.003", "fields": {"name": "Virtualization/Sandbox Evasion: Time Based Evasion", "created_at": "2023-05-25T22:56:13.157Z", "created_by": 1, "modified_at": "2023-05-25T22:56:13.157Z", "mitre_tactics": ["TA0005", "TA0007"]}}, {"model": "home.mitretechnique", "pk": "T1498", "fields": {"name": "Network Denial of Service", "created_at": "2023-05-25T22:56:12.544Z", "created_by": 1, "modified_at": "2023-05-25T22:56:12.544Z", "mitre_tactics": ["TA0040"]}}, {"model": "home.mitretechnique", "pk": "T1498.001", "fields": {"name": "Network Denial of Service: Direct Network Flood", "created_at": "2023-05-25T22:56:12.546Z", "created_by": 1, "modified_at": "2023-05-25T22:56:12.546Z", "mitre_tactics": ["TA0040"]}}, {"model": "home.mitretechnique", "pk": "T1498.002", "fields": {"name": "Network Denial of Service: Reflection Amplification", "created_at": "2023-05-25T22:56:12.548Z", "created_by": 1, "modified_at": "2023-05-25T22:56:12.548Z", "mitre_tactics": ["TA0040"]}}, {"model": "home.mitretechnique", "pk": "T1499", "fields": {"name": "Endpoint Denial of Service", "created_at": "2023-05-25T22:56:12.078Z", "created_by": 1, "modified_at": "2023-05-25T22:56:12.078Z", "mitre_tactics": ["TA0040"]}}, {"model": "home.mitretechnique", "pk": "T1499.001", "fields": {"name": "Endpoint Denial of Service: OS Exhaustion Flood", "created_at": "2023-05-25T22:56:12.085Z", "created_by": 1, "modified_at": "2023-05-25T22:56:12.085Z", "mitre_tactics": ["TA0040"]}}, {"model": "home.mitretechnique", "pk": "T1499.002", "fields": {"name": "Endpoint Denial of Service: Service Exhaustion Flood", "created_at": "2023-05-25T22:56:12.087Z", "created_by": 1, "modified_at": "2023-05-25T22:56:12.087Z", "mitre_tactics": ["TA0040"]}}, {"model": "home.mitretechnique", "pk": "T1499.003", "fields": {"name": "Endpoint Denial of Service: Application Exhaustion Flood", "created_at": "2023-05-25T22:56:12.080Z", "created_by": 1, "modified_at": "2023-05-25T22:56:12.080Z", "mitre_tactics": ["TA0040"]}}, {"model": "home.mitretechnique", "pk": "T1499.004", "fields": {"name": "Endpoint Denial of Service: Application or System Exploitation", "created_at": "2023-05-25T22:56:12.083Z", "created_by": 1, "modified_at": "2023-05-25T22:56:12.083Z", "mitre_tactics": ["TA0040"]}}, {"model": "home.mitretechnique", "pk": "T1505", "fields": {"name": "Server Software Component", "created_at": "2023-05-25T22:56:12.887Z", "created_by": 1, "modified_at": "2023-05-25T22:56:12.887Z", "mitre_tactics": ["TA0003"]}}, {"model": "home.mitretechnique", "pk": "T1505.001", "fields": {"name": "Server Software Component: SQL Stored Procedures", "created_at": "2023-05-25T22:56:12.892Z", "created_by": 1, "modified_at": "2023-05-25T22:56:12.892Z", "mitre_tactics": ["TA0003"]}}, {"model": "home.mitretechnique", "pk": "T1505.002", "fields": {"name": "Server Software Component: Transport Agent", "created_at": "2023-05-25T22:56:12.896Z", "created_by": 1, "modified_at": "2023-05-25T22:56:12.896Z", "mitre_tactics": ["TA0003"]}}, {"model": "home.mitretechnique", "pk": "T1505.003", "fields": {"name": "Server Software Component: Web Shell", "created_at": "2023-05-25T22:56:12.899Z", "created_by": 1, "modified_at": "2023-05-25T22:56:12.899Z", "mitre_tactics": ["TA0003"]}}, {"model": "home.mitretechnique", "pk": "T1505.004", "fields": {"name": "Server Software Component: IIS Components", "created_at": "2023-05-25T22:56:12.889Z", "created_by": 1, "modified_at": "2023-05-25T22:56:12.889Z", "mitre_tactics": ["TA0003"]}}, {"model": "home.mitretechnique", "pk": "T1505.005", "fields": {"name": "Server Software Component: Terminal Services DLL", "created_at": "2023-05-25T22:56:12.894Z", "created_by": 1, "modified_at": "2023-05-25T22:56:12.894Z", "mitre_tactics": ["TA0003"]}}, {"model": "home.mitretechnique", "pk": "T1518", "fields": {"name": "Software Discovery", "created_at": "2023-05-25T22:56:12.911Z", "created_by": 1, "modified_at": "2023-05-25T22:56:12.911Z", "mitre_tactics": ["TA0007"]}}, {"model": "home.mitretechnique", "pk": "T1518.001", "fields": {"name": "Software Discovery: Security Software Discovery", "created_at": "2023-05-25T22:56:12.914Z", "created_by": 1, "modified_at": "2023-05-25T22:56:12.914Z", "mitre_tactics": ["TA0007"]}}, {"model": "home.mitretechnique", "pk": "T1525", "fields": {"name": "Implant Internal Image", "created_at": "2023-05-25T22:56:12.388Z", "created_by": 1, "modified_at": "2023-05-25T22:56:12.388Z", "mitre_tactics": ["TA0003"]}}, {"model": "home.mitretechnique", "pk": "T1526", "fields": {"name": "Cloud Service Discovery", "created_at": "2023-05-25T22:56:11.823Z", "created_by": 1, "modified_at": "2023-05-25T22:56:11.823Z", "mitre_tactics": ["TA0007"]}}, {"model": "home.mitretechnique", "pk": "T1528", "fields": {"name": "Steal Application Access Token", "created_at": "2023-05-25T22:56:12.933Z", "created_by": 1, "modified_at": "2023-05-25T22:56:12.933Z", "mitre_tactics": ["TA0006"]}}, {"model": "home.mitretechnique", "pk": "T1529", "fields": {"name": "System Shutdown/Reboot", "created_at": "2023-05-25T22:56:13.042Z", "created_by": 1, "modified_at": "2023-05-25T22:56:13.042Z", "mitre_tactics": ["TA0040"]}}, {"model": "home.mitretechnique", "pk": "T1530", "fields": {"name": "Data from Cloud Storage", "created_at": "2023-05-25T22:56:11.973Z", "created_by": 1, "modified_at": "2023-05-25T22:56:11.973Z", "mitre_tactics": ["TA0009"]}}, {"model": "home.mitretechnique", "pk": "T1531", "fields": {"name": "Account Access Removal", "created_at": "2023-05-25T22:56:11.610Z", "created_by": 1, "modified_at": "2023-05-25T22:56:11.610Z", "mitre_tactics": ["TA0040"]}}, {"model": "home.mitretechnique", "pk": "T1534", "fields": {"name": "Internal Spearphishing", "created_at": "2023-05-25T22:56:12.445Z", "created_by": 1, "modified_at": "2023-05-25T22:56:12.445Z", "mitre_tactics": ["TA0008"]}}, {"model": "home.mitretechnique", "pk": "T1535", "fields": {"name": "Unused/Unsupported Cloud Regions", "created_at": "2023-05-25T22:56:13.096Z", "created_by": 1, "modified_at": "2023-05-25T22:56:13.096Z", "mitre_tactics": ["TA0005"]}}, {"model": "home.mitretechnique", "pk": "T1537", "fields": {"name": "Transfer Data to Cloud Account", "created_at": "2023-05-25T22:56:13.065Z", "created_by": 1, "modified_at": "2023-05-25T22:56:13.065Z", "mitre_tactics": ["TA0010"]}}, {"model": "home.mitretechnique", "pk": "T1538", "fields": {"name": "Cloud Service Dashboard", "created_at": "2023-05-25T22:56:11.821Z", "created_by": 1, "modified_at": "2023-05-25T22:56:11.821Z", "mitre_tactics": ["TA0007"]}}, {"model": "home.mitretechnique", "pk": "T1539", "fields": {"name": "Steal Web Session Cookie", "created_at": "2023-05-25T22:56:12.936Z", "created_by": 1, "modified_at": "2023-05-25T22:56:12.936Z", "mitre_tactics": ["TA0006"]}}, {"model": "home.mitretechnique", "pk": "T1542", "fields": {"name": "Pre-OS Boot", "created_at": "2023-05-25T22:56:12.691Z", "created_by": 1, "modified_at": "2023-05-25T22:56:12.691Z", "mitre_tactics": ["TA0003", "TA0005"]}}, {"model": "home.mitretechnique", "pk": "T1542.001", "fields": {"name": "Pre-OS Boot: System Firmware", "created_at": "2023-05-25T22:56:12.705Z", "created_by": 1, "modified_at": "2023-05-25T22:56:12.705Z", "mitre_tactics": ["TA0003", "TA0005"]}}, {"model": "home.mitretechnique", "pk": "T1542.002", "fields": {"name": "Pre-OS Boot: Component Firmware", "created_at": "2023-05-25T22:56:12.698Z", "created_by": 1, "modified_at": "2023-05-25T22:56:12.698Z", "mitre_tactics": ["TA0003", "TA0005"]}}, {"model": "home.mitretechnique", "pk": "T1542.003", "fields": {"name": "Pre-OS Boot: Bootkit", "created_at": "2023-05-25T22:56:12.695Z", "created_by": 1, "modified_at": "2023-05-25T22:56:12.695Z", "mitre_tactics": ["TA0003", "TA0005"]}}, {"model": "home.mitretechnique", "pk": "T1542.004", "fields": {"name": "Pre-OS Boot: ROMMONkit", "created_at": "2023-05-25T22:56:12.702Z", "created_by": 1, "modified_at": "2023-05-25T22:56:12.702Z", "mitre_tactics": ["TA0003", "TA0005"]}}, {"model": "home.mitretechnique", "pk": "T1542.005", "fields": {"name": "Pre-OS Boot: TFTP Boot", "created_at": "2023-05-25T22:56:12.709Z", "created_by": 1, "modified_at": "2023-05-25T22:56:12.709Z", "mitre_tactics": ["TA0003", "TA0005"]}}, {"model": "home.mitretechnique", "pk": "T1543", "fields": {"name": "Create or Modify System Process", "created_at": "2023-05-25T22:56:11.900Z", "created_by": 1, "modified_at": "2023-05-25T22:56:11.900Z", "mitre_tactics": ["TA0003", "TA0004"]}}, {"model": "home.mitretechnique", "pk": "T1543.001", "fields": {"name": "Create or Modify System Process: Launch Agent", "created_at": "2023-05-25T22:56:11.904Z", "created_by": 1, "modified_at": "2023-05-25T22:56:11.904Z", "mitre_tactics": ["TA0003", "TA0004"]}}, {"model": "home.mitretechnique", "pk": "T1543.002", "fields": {"name": "Create or Modify System Process: Systemd Service", "created_at": "2023-05-25T22:56:11.911Z", "created_by": 1, "modified_at": "2023-05-25T22:56:11.911Z", "mitre_tactics": ["TA0003", "TA0004"]}}, {"model": "home.mitretechnique", "pk": "T1543.003", "fields": {"name": "Create or Modify System Process: Windows Service", "created_at": "2023-05-25T22:56:11.914Z", "created_by": 1, "modified_at": "2023-05-25T22:56:11.914Z", "mitre_tactics": ["TA0003", "TA0004"]}}, {"model": "home.mitretechnique", "pk": "T1543.004", "fields": {"name": "Create or Modify System Process: Launch Daemon", "created_at": "2023-05-25T22:56:11.907Z", "created_by": 1, "modified_at": "2023-05-25T22:56:11.907Z", "mitre_tactics": ["TA0003", "TA0004"]}}, {"model": "home.mitretechnique", "pk": "T1546", "fields": {"name": "Event Triggered Execution", "created_at": "2023-05-25T22:56:12.101Z", "created_by": 1, "modified_at": "2023-05-25T22:56:12.101Z", "mitre_tactics": ["TA0003", "TA0004"]}}, {"model": "home.mitretechnique", "pk": "T1546.001", "fields": {"name": "Event Triggered Execution: Change Default File Association", "created_at": "2023-05-25T22:56:12.116Z", "created_by": 1, "modified_at": "2023-05-25T22:56:12.116Z", "mitre_tactics": ["TA0003", "TA0004"]}}, {"model": "home.mitretechnique", "pk": "T1546.002", "fields": {"name": "Event Triggered Execution: Screensaver", "created_at": "2023-05-25T22:56:12.143Z", "created_by": 1, "modified_at": "2023-05-25T22:56:12.143Z", "mitre_tactics": ["TA0003", "TA0004"]}}, {"model": "home.mitretechnique", "pk": "T1546.003", "fields": {"name": "Event Triggered Execution: Windows Management Instrumentation Event Subscription", "created_at": "2023-05-25T22:56:12.152Z", "created_by": 1, "modified_at": "2023-05-25T22:56:12.152Z", "mitre_tactics": ["TA0003", "TA0004"]}}, {"model": "home.mitretechnique", "pk": "T1546.004", "fields": {"name": "Event Triggered Execution: Unix Shell Configuration Modification", "created_at": "2023-05-25T22:56:12.149Z", "created_by": 1, "modified_at": "2023-05-25T22:56:12.149Z", "mitre_tactics": ["TA0003", "TA0004"]}}, {"model": "home.mitretechnique", "pk": "T1546.005", "fields": {"name": "Event Triggered Execution: Trap", "created_at": "2023-05-25T22:56:12.146Z", "created_by": 1, "modified_at": "2023-05-25T22:56:12.146Z", "mitre_tactics": ["TA0003", "TA0004"]}}, {"model": "home.mitretechnique", "pk": "T1546.006", "fields": {"name": "Event Triggered Execution: LC_LOAD_DYLIB Addition", "created_at": "2023-05-25T22:56:12.133Z", "created_by": 1, "modified_at": "2023-05-25T22:56:12.133Z", "mitre_tactics": ["TA0003", "TA0004"]}}, {"model": "home.mitretechnique", "pk": "T1546.007", "fields": {"name": "Event Triggered Execution: Netsh Helper DLL", "created_at": "2023-05-25T22:56:12.136Z", "created_by": 1, "modified_at": "2023-05-25T22:56:12.136Z", "mitre_tactics": ["TA0003", "TA0004"]}}, {"model": "home.mitretechnique", "pk": "T1546.008", "fields": {"name": "Event Triggered Execution: Accessibility Features", "created_at": "2023-05-25T22:56:12.104Z", "created_by": 1, "modified_at": "2023-05-25T22:56:12.104Z", "mitre_tactics": ["TA0003", "TA0004"]}}, {"model": "home.mitretechnique", "pk": "T1546.009", "fields": {"name": "Event Triggered Execution: AppCert DLLs", "created_at": "2023-05-25T22:56:12.107Z", "created_by": 1, "modified_at": "2023-05-25T22:56:12.107Z", "mitre_tactics": ["TA0003", "TA0004"]}}, {"model": "home.mitretechnique", "pk": "T1546.010", "fields": {"name": "Event Triggered Execution: AppInit DLLs", "created_at": "2023-05-25T22:56:12.110Z", "created_by": 1, "modified_at": "2023-05-25T22:56:12.110Z", "mitre_tactics": ["TA0003", "TA0004"]}}, {"model": "home.mitretechnique", "pk": "T1546.011", "fields": {"name": "Event Triggered Execution: Application Shimming", "created_at": "2023-05-25T22:56:12.114Z", "created_by": 1, "modified_at": "2023-05-25T22:56:12.114Z", "mitre_tactics": ["TA0003", "TA0004"]}}, {"model": "home.mitretechnique", "pk": "T1546.012", "fields": {"name": "Event Triggered Execution: Image File Execution Options Injection", "created_at": "2023-05-25T22:56:12.126Z", "created_by": 1, "modified_at": "2023-05-25T22:56:12.126Z", "mitre_tactics": ["TA0003", "TA0004"]}}, {"model": "home.mitretechnique", "pk": "T1546.013", "fields": {"name": "Event Triggered Execution: PowerShell Profile", "created_at": "2023-05-25T22:56:12.140Z", "created_by": 1, "modified_at": "2023-05-25T22:56:12.140Z", "mitre_tactics": ["TA0003", "TA0004"]}}, {"model": "home.mitretechnique", "pk": "T1546.014", "fields": {"name": "Event Triggered Execution: Emond", "created_at": "2023-05-25T22:56:12.123Z", "created_by": 1, "modified_at": "2023-05-25T22:56:12.123Z", "mitre_tactics": ["TA0003", "TA0004"]}}, {"model": "home.mitretechnique", "pk": "T1546.015", "fields": {"name": "Event Triggered Execution: Component Object Model Hijacking", "created_at": "2023-05-25T22:56:12.120Z", "created_by": 1, "modified_at": "2023-05-25T22:56:12.120Z", "mitre_tactics": ["TA0003", "TA0004"]}}, {"model": "home.mitretechnique", "pk": "T1546.016", "fields": {"name": "Event Triggered Execution: Installer Packages", "created_at": "2023-05-25T22:56:12.129Z", "created_by": 1, "modified_at": "2023-05-25T22:56:12.129Z", "mitre_tactics": ["TA0003", "TA0004"]}}, {"model": "home.mitretechnique", "pk": "T1547", "fields": {"name": "Boot or Logon Autostart Execution", "created_at": "2023-05-25T22:56:11.722Z", "created_by": 1, "modified_at": "2023-05-25T22:56:11.722Z", "mitre_tactics": ["TA0003", "TA0004"]}}, {"model": "home.mitretechnique", "pk": "T1547.001", "fields": {"name": "Boot or Logon Autostart Execution: Registry Run Keys / Startup Folder", "created_at": "2023-05-25T22:56:11.752Z", "created_by": 1, "modified_at": "2023-05-25T22:56:11.752Z", "mitre_tactics": ["TA0003", "TA0004"]}}, {"model": "home.mitretechnique", "pk": "T1547.002", "fields": {"name": "Boot or Logon Autostart Execution: Authentication Package", "created_at": "2023-05-25T22:56:11.729Z", "created_by": 1, "modified_at": "2023-05-25T22:56:11.729Z", "mitre_tactics": ["TA0003", "TA0004"]}}, {"model": "home.mitretechnique", "pk": "T1547.003", "fields": {"name": "Boot or Logon Autostart Execution: Time Providers", "created_at": "2023-05-25T22:56:11.762Z", "created_by": 1, "modified_at": "2023-05-25T22:56:11.762Z", "mitre_tactics": ["TA0003", "TA0004"]}}, {"model": "home.mitretechnique", "pk": "T1547.004", "fields": {"name": "Boot or Logon Autostart Execution: Winlogon Helper DLL", "created_at": "2023-05-25T22:56:11.766Z", "created_by": 1, "modified_at": "2023-05-25T22:56:11.766Z", "mitre_tactics": ["TA0003", "TA0004"]}}, {"model": "home.mitretechnique", "pk": "T1547.005", "fields": {"name": "Boot or Logon Autostart Execution: Security Support Provider", "created_at": "2023-05-25T22:56:11.756Z", "created_by": 1, "modified_at": "2023-05-25T22:56:11.756Z", "mitre_tactics": ["TA0003", "TA0004"]}}, {"model": "home.mitretechnique", "pk": "T1547.006", "fields": {"name": "Boot or Logon Autostart Execution: Kernel Modules and Extensions", "created_at": "2023-05-25T22:56:11.732Z", "created_by": 1, "modified_at": "2023-05-25T22:56:11.732Z", "mitre_tactics": ["TA0003", "TA0004"]}}, {"model": "home.mitretechnique", "pk": "T1547.007", "fields": {"name": "Boot or Logon Autostart Execution: Re-opened Applications", "created_at": "2023-05-25T22:56:11.748Z", "created_by": 1, "modified_at": "2023-05-25T22:56:11.748Z", "mitre_tactics": ["TA0003", "TA0004"]}}, {"model": "home.mitretechnique", "pk": "T1547.008", "fields": {"name": "Boot or Logon Autostart Execution: LSASS Driver", "created_at": "2023-05-25T22:56:11.735Z", "created_by": 1, "modified_at": "2023-05-25T22:56:11.735Z", "mitre_tactics": ["TA0003", "TA0004"]}}, {"model": "home.mitretechnique", "pk": "T1547.009", "fields": {"name": "Boot or Logon Autostart Execution: Shortcut Modification", "created_at": "2023-05-25T22:56:11.759Z", "created_by": 1, "modified_at": "2023-05-25T22:56:11.759Z", "mitre_tactics": ["TA0003", "TA0004"]}}, {"model": "home.mitretechnique", "pk": "T1547.010", "fields": {"name": "Boot or Logon Autostart Execution: Port Monitors", "created_at": "2023-05-25T22:56:11.742Z", "created_by": 1, "modified_at": "2023-05-25T22:56:11.742Z", "mitre_tactics": ["TA0003", "TA0004"]}}, {"model": "home.mitretechnique", "pk": "T1547.012", "fields": {"name": "Boot or Logon Autostart Execution: Print Processors", "created_at": "2023-05-25T22:56:11.745Z", "created_by": 1, "modified_at": "2023-05-25T22:56:11.745Z", "mitre_tactics": ["TA0003", "TA0004"]}}, {"model": "home.mitretechnique", "pk": "T1547.013", "fields": {"name": "Boot or Logon Autostart Execution: XDG Autostart Entries", "created_at": "2023-05-25T22:56:11.769Z", "created_by": 1, "modified_at": "2023-05-25T22:56:11.769Z", "mitre_tactics": ["TA0003", "TA0004"]}}, {"model": "home.mitretechnique", "pk": "T1547.014", "fields": {"name": "Boot or Logon Autostart Execution: Active Setup", "created_at": "2023-05-25T22:56:11.726Z", "created_by": 1, "modified_at": "2023-05-25T22:56:11.726Z", "mitre_tactics": ["TA0003", "TA0004"]}}, {"model": "home.mitretechnique", "pk": "T1547.015", "fields": {"name": "Boot or Logon Autostart Execution: Login Items", "created_at": "2023-05-25T22:56:11.739Z", "created_by": 1, "modified_at": "2023-05-25T22:56:11.739Z", "mitre_tactics": ["TA0003", "TA0004"]}}, {"model": "home.mitretechnique", "pk": "T1548.001", "fields": {"name": "Abuse Elevation Control Mechanism: Setuid and Setgid", "created_at": "2023-05-25T22:56:11.584Z", "created_by": 1, "modified_at": "2023-05-25T22:56:11.584Z", "mitre_tactics": ["TA0004", "TA0005"]}}, {"model": "home.mitretechnique", "pk": "T1548.002", "fields": {"name": "Abuse Elevation Control Mechanism: Bypass User Account Control", "created_at": "2023-05-25T22:56:01.209Z", "created_by": 1, "modified_at": "2023-05-25T22:56:01.209Z", "mitre_tactics": ["TA0004", "TA0005"]}}, {"model": "home.mitretechnique", "pk": "T1548.003", "fields": {"name": "Abuse Elevation Control Mechanism: Sudo and Sudo Caching", "created_at": "2023-05-25T22:56:11.587Z", "created_by": 1, "modified_at": "2023-05-25T22:56:11.587Z", "mitre_tactics": ["TA0004", "TA0005"]}}, {"model": "home.mitretechnique", "pk": "T1548.004", "fields": {"name": "Abuse Elevation Control Mechanism: Elevated Execution with Prompt", "created_at": "2023-05-25T22:56:11.579Z", "created_by": 1, "modified_at": "2023-05-25T22:56:11.579Z", "mitre_tactics": ["TA0004", "TA0005"]}}, {"model": "home.mitretechnique", "pk": "T1550", "fields": {"name": "Use Alternate Authentication Material", "created_at": "2023-05-25T22:56:13.098Z", "created_by": 1, "modified_at": "2023-05-25T22:56:13.098Z", "mitre_tactics": ["TA0005", "TA0008"]}}, {"model": "home.mitretechnique", "pk": "T1550.001", "fields": {"name": "Use Alternate Authentication Material: Application Access Token", "created_at": "2023-05-25T22:56:13.101Z", "created_by": 1, "modified_at": "2023-05-25T22:56:13.101Z", "mitre_tactics": ["TA0005", "TA0008"]}}, {"model": "home.mitretechnique", "pk": "T1550.002", "fields": {"name": "Use Alternate Authentication Material: Pass the Hash", "created_at": "2023-05-25T22:56:13.105Z", "created_by": 1, "modified_at": "2023-05-25T22:56:13.105Z", "mitre_tactics": ["TA0005", "TA0008"]}}, {"model": "home.mitretechnique", "pk": "T1550.003", "fields": {"name": "Use Alternate Authentication Material: Pass the Ticket", "created_at": "2023-05-25T22:56:13.108Z", "created_by": 1, "modified_at": "2023-05-25T22:56:13.108Z", "mitre_tactics": ["TA0005", "TA0008"]}}, {"model": "home.mitretechnique", "pk": "T1550.004", "fields": {"name": "Use Alternate Authentication Material: Web Session Cookie", "created_at": "2023-05-25T22:56:13.111Z", "created_by": 1, "modified_at": "2023-05-25T22:56:13.111Z", "mitre_tactics": ["TA0005", "TA0008"]}}, {"model": "home.mitretechnique", "pk": "T1552", "fields": {"name": "Unsecured Credentials", "created_at": "2023-05-25T22:56:13.074Z", "created_by": 1, "modified_at": "2023-05-25T22:56:13.074Z", "mitre_tactics": ["TA0006"]}}, {"model": "home.mitretechnique", "pk": "T1552.001", "fields": {"name": "Unsecured Credentials: Credentials In Files", "created_at": "2023-05-25T22:56:13.086Z", "created_by": 1, "modified_at": "2023-05-25T22:56:13.086Z", "mitre_tactics": ["TA0006"]}}, {"model": "home.mitretechnique", "pk": "T1552.002", "fields": {"name": "Unsecured Credentials: Credentials in Registry", "created_at": "2023-05-25T22:56:13.089Z", "created_by": 1, "modified_at": "2023-05-25T22:56:13.089Z", "mitre_tactics": ["TA0006"]}}, {"model": "home.mitretechnique", "pk": "T1552.003", "fields": {"name": "Unsecured Credentials: Bash History", "created_at": "2023-05-25T22:56:13.077Z", "created_by": 1, "modified_at": "2023-05-25T22:56:13.077Z", "mitre_tactics": ["TA0006"]}}, {"model": "home.mitretechnique", "pk": "T1552.004", "fields": {"name": "Unsecured Credentials: Private Keys", "created_at": "2023-05-25T22:56:13.093Z", "created_by": 1, "modified_at": "2023-05-25T22:56:13.093Z", "mitre_tactics": ["TA0006"]}}, {"model": "home.mitretechnique", "pk": "T1552.005", "fields": {"name": "Unsecured Credentials: Cloud Instance Metadata API", "created_at": "2023-05-25T22:56:13.081Z", "created_by": 1, "modified_at": "2023-05-25T22:56:13.081Z", "mitre_tactics": ["TA0006"]}}, {"model": "home.mitretechnique", "pk": "T1552.006", "fields": {"name": "Unsecured Credentials: Group Policy Preferences", "created_at": "2023-05-25T22:56:13.091Z", "created_by": 1, "modified_at": "2023-05-25T22:56:13.091Z", "mitre_tactics": ["TA0006"]}}, {"model": "home.mitretechnique", "pk": "T1552.007", "fields": {"name": "Unsecured Credentials: Container API", "created_at": "2023-05-25T22:56:13.084Z", "created_by": 1, "modified_at": "2023-05-25T22:56:13.084Z", "mitre_tactics": ["TA0006"]}}, {"model": "home.mitretechnique", "pk": "T1552.008", "fields": {"name": "Unsecured Credentials: Chat Messages", "created_at": "2023-05-25T22:56:13.079Z", "created_by": 1, "modified_at": "2023-05-25T22:56:13.079Z", "mitre_tactics": ["TA0006"]}}, {"model": "home.mitretechnique", "pk": "T1553", "fields": {"name": "Subvert Trust Controls", "created_at": "2023-05-25T22:56:12.952Z", "created_by": 1, "modified_at": "2023-05-25T22:56:12.952Z", "mitre_tactics": ["TA0005"]}}, {"model": "home.mitretechnique", "pk": "T1553.001", "fields": {"name": "Subvert Trust Controls: Gatekeeper Bypass", "created_at": "2023-05-25T22:56:12.960Z", "created_by": 1, "modified_at": "2023-05-25T22:56:12.960Z", "mitre_tactics": ["TA0005"]}}, {"model": "home.mitretechnique", "pk": "T1553.002", "fields": {"name": "Subvert Trust Controls: Code Signing", "created_at": "2023-05-25T22:56:12.955Z", "created_by": 1, "modified_at": "2023-05-25T22:56:12.955Z", "mitre_tactics": ["TA0005"]}}, {"model": "home.mitretechnique", "pk": "T1553.003", "fields": {"name": "Subvert Trust Controls: SIP and Trust Provider Hijacking", "created_at": "2023-05-25T22:56:12.966Z", "created_by": 1, "modified_at": "2023-05-25T22:56:12.966Z", "mitre_tactics": ["TA0005"]}}, {"model": "home.mitretechnique", "pk": "T1553.004", "fields": {"name": "Subvert Trust Controls: Install Root Certificate", "created_at": "2023-05-25T22:56:12.962Z", "created_by": 1, "modified_at": "2023-05-25T22:56:12.962Z", "mitre_tactics": ["TA0005"]}}, {"model": "home.mitretechnique", "pk": "T1553.005", "fields": {"name": "Subvert Trust Controls: Mark-of-the-Web Bypass", "created_at": "2023-05-25T22:56:12.964Z", "created_by": 1, "modified_at": "2023-05-25T22:56:12.964Z", "mitre_tactics": ["TA0005"]}}, {"model": "home.mitretechnique", "pk": "T1553.006", "fields": {"name": "Subvert Trust Controls: Code Signing Policy Modification", "created_at": "2023-05-25T22:56:12.957Z", "created_by": 1, "modified_at": "2023-05-25T22:56:12.957Z", "mitre_tactics": ["TA0005"]}}, {"model": "home.mitretechnique", "pk": "T1554", "fields": {"name": "Compromise Client Software Binary", "created_at": "2023-05-25T22:56:11.864Z", "created_by": 1, "modified_at": "2023-05-25T22:56:11.864Z", "mitre_tactics": ["TA0003"]}}, {"model": "home.mitretechnique", "pk": "T1555", "fields": {"name": "Credentials from Password Stores", "created_at": "2023-05-25T22:56:11.917Z", "created_by": 1, "modified_at": "2023-05-25T22:56:11.917Z", "mitre_tactics": ["TA0006"]}}, {"model": "home.mitretechnique", "pk": "T1555.001", "fields": {"name": "Credentials from Password Stores: Keychain", "created_at": "2023-05-25T22:56:11.922Z", "created_by": 1, "modified_at": "2023-05-25T22:56:11.922Z", "mitre_tactics": ["TA0006"]}}, {"model": "home.mitretechnique", "pk": "T1555.002", "fields": {"name": "Credentials from Password Stores: Securityd Memory", "created_at": "2023-05-25T22:56:11.927Z", "created_by": 1, "modified_at": "2023-05-25T22:56:11.927Z", "mitre_tactics": ["TA0006"]}}, {"model": "home.mitretechnique", "pk": "T1555.003", "fields": {"name": "Credentials from Password Stores: Credentials from Web Browsers", "created_at": "2023-05-25T22:56:11.920Z", "created_by": 1, "modified_at": "2023-05-25T22:56:11.920Z", "mitre_tactics": ["TA0006"]}}, {"model": "home.mitretechnique", "pk": "T1555.004", "fields": {"name": "Credentials from Password Stores: Windows Credential Manager", "created_at": "2023-05-25T22:56:11.930Z", "created_by": 1, "modified_at": "2023-05-25T22:56:11.930Z", "mitre_tactics": ["TA0006"]}}, {"model": "home.mitretechnique", "pk": "T1555.005", "fields": {"name": "Credentials from Password Stores: Password Managers", "created_at": "2023-05-25T22:56:11.925Z", "created_by": 1, "modified_at": "2023-05-25T22:56:11.925Z", "mitre_tactics": ["TA0006"]}}, {"model": "home.mitretechnique", "pk": "T1556", "fields": {"name": "Modify Authentication Process", "created_at": "2023-05-25T22:56:12.471Z", "created_by": 1, "modified_at": "2023-05-25T22:56:12.471Z", "mitre_tactics": ["TA0006", "TA0005", "TA0003"]}}, {"model": "home.mitretechnique", "pk": "T1556.001", "fields": {"name": "Modify Authentication Process: Domain Controller Authentication", "created_at": "2023-05-25T22:56:12.475Z", "created_by": 1, "modified_at": "2023-05-25T22:56:12.475Z", "mitre_tactics": ["TA0006", "TA0005", "TA0003"]}}, {"model": "home.mitretechnique", "pk": "T1556.002", "fields": {"name": "Modify Authentication Process: Password Filter DLL", "created_at": "2023-05-25T22:56:12.495Z", "created_by": 1, "modified_at": "2023-05-25T22:56:12.495Z", "mitre_tactics": ["TA0006", "TA0005", "TA0003"]}}, {"model": "home.mitretechnique", "pk": "T1556.003", "fields": {"name": "Modify Authentication Process: Pluggable Authentication Modules", "created_at": "2023-05-25T22:56:12.500Z", "created_by": 1, "modified_at": "2023-05-25T22:56:12.500Z", "mitre_tactics": ["TA0006", "TA0005", "TA0003"]}}, {"model": "home.mitretechnique", "pk": "T1556.004", "fields": {"name": "Modify Authentication Process: Network Device Authentication", "created_at": "2023-05-25T22:56:12.487Z", "created_by": 1, "modified_at": "2023-05-25T22:56:12.487Z", "mitre_tactics": ["TA0006", "TA0005", "TA0003"]}}, {"model": "home.mitretechnique", "pk": "T1556.005", "fields": {"name": "Modify Authentication Process: Reversible Encryption", "created_at": "2023-05-25T22:56:12.504Z", "created_by": 1, "modified_at": "2023-05-25T22:56:12.504Z", "mitre_tactics": ["TA0006", "TA0005", "TA0003"]}}, {"model": "home.mitretechnique", "pk": "T1556.006", "fields": {"name": "Modify Authentication Process: Multi-Factor Authentication", "created_at": "2023-05-25T22:56:12.483Z", "created_by": 1, "modified_at": "2023-05-25T22:56:12.483Z", "mitre_tactics": ["TA0006", "TA0005", "TA0003"]}}, {"model": "home.mitretechnique", "pk": "T1556.007", "fields": {"name": "Modify Authentication Process: Hybrid Identity", "created_at": "2023-05-25T22:56:12.479Z", "created_by": 1, "modified_at": "2023-05-25T22:56:12.479Z", "mitre_tactics": ["TA0006", "TA0005", "TA0003"]}}, {"model": "home.mitretechnique", "pk": "T1556.008", "fields": {"name": "Modify Authentication Process: Network Provider DLL", "created_at": "2023-05-25T22:56:12.491Z", "created_by": 1, "modified_at": "2023-05-25T22:56:12.491Z", "mitre_tactics": ["TA0006", "TA0005", "TA0003"]}}, {"model": "home.mitretechnique", "pk": "T1557", "fields": {"name": "Adversary-in-the-Middle", "created_at": "2023-05-25T22:56:11.673Z", "created_by": 1, "modified_at": "2023-05-25T22:56:11.673Z", "mitre_tactics": ["TA0006", "TA0009"]}}, {"model": "home.mitretechnique", "pk": "T1557.001", "fields": {"name": "Adversary-in-the-Middle: LLMNR/NBT-NS Poisoning and SMB Relay", "created_at": "2023-05-25T22:56:11.683Z", "created_by": 1, "modified_at": "2023-05-25T22:56:11.683Z", "mitre_tactics": ["TA0006", "TA0009"]}}, {"model": "home.mitretechnique", "pk": "T1557.002", "fields": {"name": "Adversary-in-the-Middle: ARP Cache Poisoning", "created_at": "2023-05-25T22:56:11.676Z", "created_by": 1, "modified_at": "2023-05-25T22:56:11.676Z", "mitre_tactics": ["TA0006", "TA0009"]}}, {"model": "home.mitretechnique", "pk": "T1557.003", "fields": {"name": "Adversary-in-the-Middle: DHCP Spoofing", "created_at": "2023-05-25T22:56:11.679Z", "created_by": 1, "modified_at": "2023-05-25T22:56:11.679Z", "mitre_tactics": ["TA0006", "TA0009"]}}, {"model": "home.mitretechnique", "pk": "T1558", "fields": {"name": "Steal or Forge Kerberos Tickets", "created_at": "2023-05-25T22:56:12.940Z", "created_by": 1, "modified_at": "2023-05-25T22:56:12.940Z", "mitre_tactics": ["TA0006"]}}, {"model": "home.mitretechnique", "pk": "T1558.001", "fields": {"name": "Steal or Forge Kerberos Tickets: Golden Ticket", "created_at": "2023-05-25T22:56:12.945Z", "created_by": 1, "modified_at": "2023-05-25T22:56:12.945Z", "mitre_tactics": ["TA0006"]}}, {"model": "home.mitretechnique", "pk": "T1558.002", "fields": {"name": "Steal or Forge Kerberos Tickets: Silver Ticket", "created_at": "2023-05-25T22:56:12.950Z", "created_by": 1, "modified_at": "2023-05-25T22:56:12.950Z", "mitre_tactics": ["TA0006"]}}, {"model": "home.mitretechnique", "pk": "T1558.003", "fields": {"name": "Steal or Forge Kerberos Tickets: Kerberoasting", "created_at": "2023-05-25T22:56:12.948Z", "created_by": 1, "modified_at": "2023-05-25T22:56:12.948Z", "mitre_tactics": ["TA0006"]}}, {"model": "home.mitretechnique", "pk": "T1558.004", "fields": {"name": "Steal or Forge Kerberos Tickets: AS-REP Roasting", "created_at": "2023-05-25T22:56:12.943Z", "created_by": 1, "modified_at": "2023-05-25T22:56:12.943Z", "mitre_tactics": ["TA0006"]}}, {"model": "home.mitretechnique", "pk": "T1559", "fields": {"name": "Inter-Process Communication", "created_at": "2023-05-25T22:56:12.436Z", "created_by": 1, "modified_at": "2023-05-25T22:56:12.436Z", "mitre_tactics": ["TA0002"]}}, {"model": "home.mitretechnique", "pk": "T1559.001", "fields": {"name": "Inter-Process Communication: Component Object Model", "created_at": "2023-05-25T22:56:12.439Z", "created_by": 1, "modified_at": "2023-05-25T22:56:12.439Z", "mitre_tactics": ["TA0002"]}}, {"model": "home.mitretechnique", "pk": "T1559.002", "fields": {"name": "Inter-Process Communication: Dynamic Data Exchange", "created_at": "2023-05-25T22:56:12.441Z", "created_by": 1, "modified_at": "2023-05-25T22:56:12.441Z", "mitre_tactics": ["TA0002"]}}, {"model": "home.mitretechnique", "pk": "T1559.003", "fields": {"name": "Inter-Process Communication: XPC Services", "created_at": "2023-05-25T22:56:12.443Z", "created_by": 1, "modified_at": "2023-05-25T22:56:12.443Z", "mitre_tactics": ["TA0002"]}}, {"model": "home.mitretechnique", "pk": "T1560", "fields": {"name": "Archive Collected Data", "created_at": "2023-05-25T22:56:11.699Z", "created_by": 1, "modified_at": "2023-05-25T22:56:11.699Z", "mitre_tactics": ["TA0009"]}}, {"model": "home.mitretechnique", "pk": "T1560.001", "fields": {"name": "Archive Collected Data: Archive via Utility", "created_at": "2023-05-25T22:56:11.706Z", "created_by": 1, "modified_at": "2023-05-25T22:56:11.706Z", "mitre_tactics": ["TA0009"]}}, {"model": "home.mitretechnique", "pk": "T1560.002", "fields": {"name": "Archive Collected Data: Archive via Library", "created_at": "2023-05-25T22:56:11.705Z", "created_by": 1, "modified_at": "2023-05-25T22:56:11.705Z", "mitre_tactics": ["TA0009"]}}, {"model": "home.mitretechnique", "pk": "T1560.003", "fields": {"name": "Archive Collected Data: Archive via Custom Method", "created_at": "2023-05-25T22:56:11.702Z", "created_by": 1, "modified_at": "2023-05-25T22:56:11.702Z", "mitre_tactics": ["TA0009"]}}, {"model": "home.mitretechnique", "pk": "T1561", "fields": {"name": "Disk Wipe", "created_at": "2023-05-25T22:56:12.031Z", "created_by": 1, "modified_at": "2023-05-25T22:56:12.031Z", "mitre_tactics": ["TA0040"]}}, {"model": "home.mitretechnique", "pk": "T1561.001", "fields": {"name": "Disk Wipe: Disk Content Wipe", "created_at": "2023-05-25T22:56:12.034Z", "created_by": 1, "modified_at": "2023-05-25T22:56:12.034Z", "mitre_tactics": ["TA0040"]}}, {"model": "home.mitretechnique", "pk": "T1561.002", "fields": {"name": "Disk Wipe: Disk Structure Wipe", "created_at": "2023-05-25T22:56:12.036Z", "created_by": 1, "modified_at": "2023-05-25T22:56:12.036Z", "mitre_tactics": ["TA0040"]}}, {"model": "home.mitretechnique", "pk": "T1562", "fields": {"name": "Impair Defenses", "created_at": "2023-05-25T22:56:12.363Z", "created_by": 1, "modified_at": "2023-05-25T22:56:12.363Z", "mitre_tactics": ["TA0005"]}}, {"model": "home.mitretechnique", "pk": "T1562.001", "fields": {"name": "Impair Defenses: Disable or Modify Tools", "created_at": "2023-05-25T22:56:12.374Z", "created_by": 1, "modified_at": "2023-05-25T22:56:12.374Z", "mitre_tactics": ["TA0005"]}}, {"model": "home.mitretechnique", "pk": "T1562.002", "fields": {"name": "Impair Defenses: Disable Windows Event Logging", "created_at": "2023-05-25T22:56:12.367Z", "created_by": 1, "modified_at": "2023-05-25T22:56:12.367Z", "mitre_tactics": ["TA0005"]}}, {"model": "home.mitretechnique", "pk": "T1562.003", "fields": {"name": "Impair Defenses: Impair Command History Logging", "created_at": "2023-05-25T22:56:12.379Z", "created_by": 1, "modified_at": "2023-05-25T22:56:12.379Z", "mitre_tactics": ["TA0005"]}}, {"model": "home.mitretechnique", "pk": "T1562.004", "fields": {"name": "Impair Defenses: Disable or Modify System Firewall", "created_at": "2023-05-25T22:56:12.372Z", "created_by": 1, "modified_at": "2023-05-25T22:56:12.372Z", "mitre_tactics": ["TA0005"]}}, {"model": "home.mitretechnique", "pk": "T1562.006", "fields": {"name": "Impair Defenses: Indicator Blocking", "created_at": "2023-05-25T22:56:12.381Z", "created_by": 1, "modified_at": "2023-05-25T22:56:12.381Z", "mitre_tactics": ["TA0005"]}}, {"model": "home.mitretechnique", "pk": "T1562.007", "fields": {"name": "Impair Defenses: Disable or Modify Cloud Firewall", "created_at": "2023-05-25T22:56:12.370Z", "created_by": 1, "modified_at": "2023-05-25T22:56:12.370Z", "mitre_tactics": ["TA0005"]}}, {"model": "home.mitretechnique", "pk": "T1562.008", "fields": {"name": "Impair Defenses: Disable Cloud Logs", "created_at": "2023-05-25T22:56:12.365Z", "created_by": 1, "modified_at": "2023-05-25T22:56:12.365Z", "mitre_tactics": ["TA0005"]}}, {"model": "home.mitretechnique", "pk": "T1562.009", "fields": {"name": "Impair Defenses: Safe Mode Boot", "created_at": "2023-05-25T22:56:12.383Z", "created_by": 1, "modified_at": "2023-05-25T22:56:12.383Z", "mitre_tactics": ["TA0005"]}}, {"model": "home.mitretechnique", "pk": "T1562.010", "fields": {"name": "Impair Defenses: Downgrade Attack", "created_at": "2023-05-25T22:56:12.376Z", "created_by": 1, "modified_at": "2023-05-25T22:56:12.376Z", "mitre_tactics": ["TA0005"]}}, {"model": "home.mitretechnique", "pk": "T1562.011", "fields": {"name": "Impair Defenses: Spoof Security Alerting", "created_at": "2023-05-25T22:56:12.385Z", "created_by": 1, "modified_at": "2023-05-25T22:56:12.385Z", "mitre_tactics": ["TA0005"]}}, {"model": "home.mitretechnique", "pk": "T1563", "fields": {"name": "Remote Service Session Hijacking", "created_at": "2023-05-25T22:56:12.781Z", "created_by": 1, "modified_at": "2023-05-25T22:56:12.781Z", "mitre_tactics": ["TA0008"]}}, {"model": "home.mitretechnique", "pk": "T1563.001", "fields": {"name": "Remote Service Session Hijacking: SSH Hijacking", "created_at": "2023-05-25T22:56:12.786Z", "created_by": 1, "modified_at": "2023-05-25T22:56:12.786Z", "mitre_tactics": ["TA0008"]}}, {"model": "home.mitretechnique", "pk": "T1563.002", "fields": {"name": "Remote Service Session Hijacking: RDP Hijacking", "created_at": "2023-05-25T22:56:12.784Z", "created_by": 1, "modified_at": "2023-05-25T22:56:12.784Z", "mitre_tactics": ["TA0008"]}}, {"model": "home.mitretechnique", "pk": "T1564", "fields": {"name": "Hide Artifacts", "created_at": "2023-05-25T22:56:12.283Z", "created_by": 1, "modified_at": "2023-05-25T22:56:12.283Z", "mitre_tactics": ["TA0005"]}}, {"model": "home.mitretechnique", "pk": "T1564.001", "fields": {"name": "Hide Artifacts: Hidden Files and Directories", "created_at": "2023-05-25T22:56:12.290Z", "created_by": 1, "modified_at": "2023-05-25T22:56:12.290Z", "mitre_tactics": ["TA0005"]}}, {"model": "home.mitretechnique", "pk": "T1564.002", "fields": {"name": "Hide Artifacts: Hidden Users", "created_at": "2023-05-25T22:56:12.293Z", "created_by": 1, "modified_at": "2023-05-25T22:56:12.293Z", "mitre_tactics": ["TA0005"]}}, {"model": "home.mitretechnique", "pk": "T1564.003", "fields": {"name": "Hide Artifacts: Hidden Window", "created_at": "2023-05-25T22:56:12.295Z", "created_by": 1, "modified_at": "2023-05-25T22:56:12.295Z", "mitre_tactics": ["TA0005"]}}, {"model": "home.mitretechnique", "pk": "T1564.004", "fields": {"name": "Hide Artifacts: NTFS File Attributes", "created_at": "2023-05-25T22:56:12.298Z", "created_by": 1, "modified_at": "2023-05-25T22:56:12.298Z", "mitre_tactics": ["TA0005"]}}, {"model": "home.mitretechnique", "pk": "T1564.005", "fields": {"name": "Hide Artifacts: Hidden File System", "created_at": "2023-05-25T22:56:12.288Z", "created_by": 1, "modified_at": "2023-05-25T22:56:12.288Z", "mitre_tactics": ["TA0005"]}}, {"model": "home.mitretechnique", "pk": "T1564.006", "fields": {"name": "Hide Artifacts: Run Virtual Instance", "created_at": "2023-05-25T22:56:12.304Z", "created_by": 1, "modified_at": "2023-05-25T22:56:12.305Z", "mitre_tactics": ["TA0005"]}}, {"model": "home.mitretechnique", "pk": "T1564.007", "fields": {"name": "Hide Artifacts: VBA Stomping", "created_at": "2023-05-25T22:56:12.306Z", "created_by": 1, "modified_at": "2023-05-25T22:56:12.306Z", "mitre_tactics": ["TA0005"]}}, {"model": "home.mitretechnique", "pk": "T1564.008", "fields": {"name": "Hide Artifacts: Email Hiding Rules", "created_at": "2023-05-25T22:56:12.285Z", "created_by": 1, "modified_at": "2023-05-25T22:56:12.285Z", "mitre_tactics": ["TA0005"]}}, {"model": "home.mitretechnique", "pk": "T1564.009", "fields": {"name": "Hide Artifacts: Resource Forking", "created_at": "2023-05-25T22:56:12.302Z", "created_by": 1, "modified_at": "2023-05-25T22:56:12.302Z", "mitre_tactics": ["TA0005"]}}, {"model": "home.mitretechnique", "pk": "T1564.010", "fields": {"name": "Hide Artifacts: Process Argument Spoofing", "created_at": "2023-05-25T22:56:12.300Z", "created_by": 1, "modified_at": "2023-05-25T22:56:12.300Z", "mitre_tactics": ["TA0005"]}}, {"model": "home.mitretechnique", "pk": "T1565", "fields": {"name": "Data Manipulation", "created_at": "2023-05-25T22:56:11.945Z", "created_by": 1, "modified_at": "2023-05-25T22:56:11.945Z", "mitre_tactics": ["TA0040"]}}, {"model": "home.mitretechnique", "pk": "T1565.001", "fields": {"name": "Data Manipulation: Stored Data Manipulation", "created_at": "2023-05-25T22:56:11.949Z", "created_by": 1, "modified_at": "2023-05-25T22:56:11.949Z", "mitre_tactics": ["TA0040"]}}, {"model": "home.mitretechnique", "pk": "T1565.002", "fields": {"name": "Data Manipulation: Transmitted Data Manipulation", "created_at": "2023-05-25T22:56:11.952Z", "created_by": 1, "modified_at": "2023-05-25T22:56:11.952Z", "mitre_tactics": ["TA0040"]}}, {"model": "home.mitretechnique", "pk": "T1565.003", "fields": {"name": "Data Manipulation: Runtime Data Manipulation", "created_at": "2023-05-25T22:56:11.947Z", "created_by": 1, "modified_at": "2023-05-25T22:56:11.947Z", "mitre_tactics": ["TA0040"]}}, {"model": "home.mitretechnique", "pk": "T1566", "fields": {"name": "Phishing", "created_at": "2023-05-25T22:56:12.669Z", "created_by": 1, "modified_at": "2023-05-25T22:56:12.669Z", "mitre_tactics": ["TA0001"]}}, {"model": "home.mitretechnique", "pk": "T1566.001", "fields": {"name": "Phishing: Spearphishing Attachment", "created_at": "2023-05-25T22:56:12.682Z", "created_by": 1, "modified_at": "2023-05-25T22:56:12.682Z", "mitre_tactics": ["TA0001"]}}, {"model": "home.mitretechnique", "pk": "T1566.002", "fields": {"name": "Phishing: Spearphishing Link", "created_at": "2023-05-25T22:56:12.684Z", "created_by": 1, "modified_at": "2023-05-25T22:56:12.684Z", "mitre_tactics": ["TA0001"]}}, {"model": "home.mitretechnique", "pk": "T1566.003", "fields": {"name": "Phishing: Spearphishing via Service", "created_at": "2023-05-25T22:56:12.686Z", "created_by": 1, "modified_at": "2023-05-25T22:56:12.686Z", "mitre_tactics": ["TA0001"]}}, {"model": "home.mitretechnique", "pk": "T1567", "fields": {"name": "Exfiltration Over Web Service", "created_at": "2023-05-25T22:56:12.182Z", "created_by": 1, "modified_at": "2023-05-25T22:56:12.182Z", "mitre_tactics": ["TA0010"]}}, {"model": "home.mitretechnique", "pk": "T1567.001", "fields": {"name": "Exfiltration Over Web Service: Exfiltration to Code Repository", "created_at": "2023-05-25T22:56:12.186Z", "created_by": 1, "modified_at": "2023-05-25T22:56:12.186Z", "mitre_tactics": ["TA0010"]}}, {"model": "home.mitretechnique", "pk": "T1567.002", "fields": {"name": "Exfiltration Over Web Service: Exfiltration to Cloud Storage", "created_at": "2023-05-25T22:56:12.184Z", "created_by": 1, "modified_at": "2023-05-25T22:56:12.184Z", "mitre_tactics": ["TA0010"]}}, {"model": "home.mitretechnique", "pk": "T1567.003", "fields": {"name": "Exfiltration Over Web Service: Exfiltration to Text Storage Sites", "created_at": "2023-05-25T22:56:12.189Z", "created_by": 1, "modified_at": "2023-05-25T22:56:12.189Z", "mitre_tactics": ["TA0010"]}}, {"model": "home.mitretechnique", "pk": "T1568", "fields": {"name": "Dynamic Resolution", "created_at": "2023-05-25T22:56:12.053Z", "created_by": 1, "modified_at": "2023-05-25T22:56:12.053Z", "mitre_tactics": ["TA0011"]}}, {"model": "home.mitretechnique", "pk": "T1568.001", "fields": {"name": "Dynamic Resolution: Fast Flux DNS", "created_at": "2023-05-25T22:56:12.059Z", "created_by": 1, "modified_at": "2023-05-25T22:56:12.059Z", "mitre_tactics": ["TA0011"]}}, {"model": "home.mitretechnique", "pk": "T1568.002", "fields": {"name": "Dynamic Resolution: Domain Generation Algorithms", "created_at": "2023-05-25T22:56:12.057Z", "created_by": 1, "modified_at": "2023-05-25T22:56:12.057Z", "mitre_tactics": ["TA0011"]}}, {"model": "home.mitretechnique", "pk": "T1568.003", "fields": {"name": "Dynamic Resolution: DNS Calculation", "created_at": "2023-05-25T22:56:12.055Z", "created_by": 1, "modified_at": "2023-05-25T22:56:12.055Z", "mitre_tactics": ["TA0011"]}}, {"model": "home.mitretechnique", "pk": "T1569", "fields": {"name": "System Services", "created_at": "2023-05-25T22:56:13.035Z", "created_by": 1, "modified_at": "2023-05-25T22:56:13.035Z", "mitre_tactics": ["TA0002"]}}, {"model": "home.mitretechnique", "pk": "T1569.001", "fields": {"name": "System Services: Launchctl", "created_at": "2023-05-25T22:56:13.038Z", "created_by": 1, "modified_at": "2023-05-25T22:56:13.038Z", "mitre_tactics": ["TA0002"]}}, {"model": "home.mitretechnique", "pk": "T1569.002", "fields": {"name": "System Services: Service Execution", "created_at": "2023-05-25T22:56:13.040Z", "created_by": 1, "modified_at": "2023-05-25T22:56:13.040Z", "mitre_tactics": ["TA0002"]}}, {"model": "home.mitretechnique", "pk": "T1570", "fields": {"name": "Lateral Tool Transfer", "created_at": "2023-05-25T22:56:12.448Z", "created_by": 1, "modified_at": "2023-05-25T22:56:12.448Z", "mitre_tactics": ["TA0008"]}}, {"model": "home.mitretechnique", "pk": "T1571", "fields": {"name": "Non-Standard Port", "created_at": "2023-05-25T22:56:12.561Z", "created_by": 1, "modified_at": "2023-05-25T22:56:12.561Z", "mitre_tactics": ["TA0011"]}}, {"model": "home.mitretechnique", "pk": "T1572", "fields": {"name": "Protocol Tunneling", "created_at": "2023-05-25T22:56:12.760Z", "created_by": 1, "modified_at": "2023-05-25T22:56:12.760Z", "mitre_tactics": ["TA0011"]}}, {"model": "home.mitretechnique", "pk": "T1573", "fields": {"name": "Encrypted Channel", "created_at": "2023-05-25T22:56:12.071Z", "created_by": 1, "modified_at": "2023-05-25T22:56:12.071Z", "mitre_tactics": ["TA0011"]}}, {"model": "home.mitretechnique", "pk": "T1573.001", "fields": {"name": "Encrypted Channel: Symmetric Cryptography", "created_at": "2023-05-25T22:56:12.075Z", "created_by": 1, "modified_at": "2023-05-25T22:56:12.075Z", "mitre_tactics": ["TA0011"]}}, {"model": "home.mitretechnique", "pk": "T1573.002", "fields": {"name": "Encrypted Channel: Asymmetric Cryptography", "created_at": "2023-05-25T22:56:12.073Z", "created_by": 1, "modified_at": "2023-05-25T22:56:12.073Z", "mitre_tactics": ["TA0011"]}}, {"model": "home.mitretechnique", "pk": "T1574", "fields": {"name": "Hijack Execution Flow", "created_at": "2023-05-25T22:56:12.309Z", "created_by": 1, "modified_at": "2023-05-25T22:56:12.309Z", "mitre_tactics": ["TA0005", "TA0003", "TA0004"]}}, {"model": "home.mitretechnique", "pk": "T1574.001", "fields": {"name": "Hijack Execution Flow: DLL Search Order Hijacking", "created_at": "2023-05-25T22:56:12.317Z", "created_by": 1, "modified_at": "2023-05-25T22:56:12.317Z", "mitre_tactics": ["TA0005", "TA0003", "TA0004"]}}, {"model": "home.mitretechnique", "pk": "T1574.002", "fields": {"name": "Hijack Execution Flow: DLL Side-Loading", "created_at": "2023-05-25T22:56:12.321Z", "created_by": 1, "modified_at": "2023-05-25T22:56:12.321Z", "mitre_tactics": ["TA0005", "TA0003", "TA0004"]}}, {"model": "home.mitretechnique", "pk": "T1574.004", "fields": {"name": "Hijack Execution Flow: Dylib Hijacking", "created_at": "2023-05-25T22:56:12.326Z", "created_by": 1, "modified_at": "2023-05-25T22:56:12.326Z", "mitre_tactics": ["TA0005", "TA0003", "TA0004"]}}, {"model": "home.mitretechnique", "pk": "T1574.005", "fields": {"name": "Hijack Execution Flow: Executable Installer File Permissions Weakness", "created_at": "2023-05-25T22:56:12.334Z", "created_by": 1, "modified_at": "2023-05-25T22:56:12.334Z", "mitre_tactics": ["TA0005", "TA0003", "TA0004"]}}, {"model": "home.mitretechnique", "pk": "T1574.006", "fields": {"name": "Hijack Execution Flow: Dynamic Linker Hijacking", "created_at": "2023-05-25T22:56:12.330Z", "created_by": 1, "modified_at": "2023-05-25T22:56:12.330Z", "mitre_tactics": ["TA0005", "TA0003", "TA0004"]}}, {"model": "home.mitretechnique", "pk": "T1574.007", "fields": {"name": "Hijack Execution Flow: Path Interception by PATH Environment Variable", "created_at": "2023-05-25T22:56:12.342Z", "created_by": 1, "modified_at": "2023-05-25T22:56:12.342Z", "mitre_tactics": ["TA0005", "TA0003", "TA0004"]}}, {"model": "home.mitretechnique", "pk": "T1574.008", "fields": {"name": "Hijack Execution Flow: Path Interception by Search Order Hijacking", "created_at": "2023-05-25T22:56:12.346Z", "created_by": 1, "modified_at": "2023-05-25T22:56:12.346Z", "mitre_tactics": ["TA0005", "TA0003", "TA0004"]}}, {"model": "home.mitretechnique", "pk": "T1574.009", "fields": {"name": "Hijack Execution Flow: Path Interception by Unquoted Path", "created_at": "2023-05-25T22:56:12.350Z", "created_by": 1, "modified_at": "2023-05-25T22:56:12.350Z", "mitre_tactics": ["TA0005", "TA0003", "TA0004"]}}, {"model": "home.mitretechnique", "pk": "T1574.010", "fields": {"name": "Hijack Execution Flow: Services File Permissions Weakness", "created_at": "2023-05-25T22:56:12.354Z", "created_by": 1, "modified_at": "2023-05-25T22:56:12.354Z", "mitre_tactics": ["TA0005", "TA0003", "TA0004"]}}, {"model": "home.mitretechnique", "pk": "T1574.011", "fields": {"name": "Hijack Execution Flow: Services Registry Permissions Weakness", "created_at": "2023-05-25T22:56:12.358Z", "created_by": 1, "modified_at": "2023-05-25T22:56:12.358Z", "mitre_tactics": ["TA0005", "TA0003", "TA0004"]}}, {"model": "home.mitretechnique", "pk": "T1574.012", "fields": {"name": "Hijack Execution Flow: COR_PROFILER", "created_at": "2023-05-25T22:56:12.314Z", "created_by": 1, "modified_at": "2023-05-25T22:56:12.314Z", "mitre_tactics": ["TA0005", "TA0003", "TA0004"]}}, {"model": "home.mitretechnique", "pk": "T1574.013", "fields": {"name": "Hijack Execution Flow: KernelCallbackTable", "created_at": "2023-05-25T22:56:12.338Z", "created_by": 1, "modified_at": "2023-05-25T22:56:12.338Z", "mitre_tactics": ["TA0005", "TA0003", "TA0004"]}}, {"model": "home.mitretechnique", "pk": "T1578", "fields": {"name": "Modify Cloud Compute Infrastructure", "created_at": "2023-05-25T22:56:12.509Z", "created_by": 1, "modified_at": "2023-05-25T22:56:12.509Z", "mitre_tactics": ["TA0005"]}}, {"model": "home.mitretechnique", "pk": "T1578.001", "fields": {"name": "Modify Cloud Compute Infrastructure: Create Snapshot", "created_at": "2023-05-25T22:56:12.513Z", "created_by": 1, "modified_at": "2023-05-25T22:56:12.513Z", "mitre_tactics": ["TA0005"]}}, {"model": "home.mitretechnique", "pk": "T1578.002", "fields": {"name": "Modify Cloud Compute Infrastructure: Create Cloud Instance", "created_at": "2023-05-25T22:56:12.511Z", "created_by": 1, "modified_at": "2023-05-25T22:56:12.511Z", "mitre_tactics": ["TA0005"]}}, {"model": "home.mitretechnique", "pk": "T1578.003", "fields": {"name": "Modify Cloud Compute Infrastructure: Delete Cloud Instance", "created_at": "2023-05-25T22:56:12.515Z", "created_by": 1, "modified_at": "2023-05-25T22:56:12.515Z", "mitre_tactics": ["TA0005"]}}, {"model": "home.mitretechnique", "pk": "T1578.004", "fields": {"name": "Modify Cloud Compute Infrastructure: Revert Cloud Instance", "created_at": "2023-05-25T22:56:12.518Z", "created_by": 1, "modified_at": "2023-05-25T22:56:12.518Z", "mitre_tactics": ["TA0005"]}}, {"model": "home.mitretechnique", "pk": "T1580", "fields": {"name": "Cloud Infrastructure Discovery", "created_at": "2023-05-25T22:56:11.818Z", "created_by": 1, "modified_at": "2023-05-25T22:56:11.818Z", "mitre_tactics": ["TA0007"]}}, {"model": "home.mitretechnique", "pk": "T1583", "fields": {"name": "Acquire Infrastructure", "created_at": "2023-05-25T22:56:11.642Z", "created_by": 1, "modified_at": "2023-05-25T22:56:11.642Z", "mitre_tactics": ["TA0042"]}}, {"model": "home.mitretechnique", "pk": "T1583.001", "fields": {"name": "Acquire Infrastructure: Domains", "created_at": "2023-05-25T22:56:11.649Z", "created_by": 1, "modified_at": "2023-05-25T22:56:11.649Z", "mitre_tactics": ["TA0042"]}}, {"model": "home.mitretechnique", "pk": "T1583.002", "fields": {"name": "Acquire Infrastructure: DNS Server", "created_at": "2023-05-25T22:56:11.647Z", "created_by": 1, "modified_at": "2023-05-25T22:56:11.647Z", "mitre_tactics": ["TA0042"]}}, {"model": "home.mitretechnique", "pk": "T1583.003", "fields": {"name": "Acquire Infrastructure: Virtual Private Server", "created_at": "2023-05-25T22:56:11.658Z", "created_by": 1, "modified_at": "2023-05-25T22:56:11.658Z", "mitre_tactics": ["TA0042"]}}, {"model": "home.mitretechnique", "pk": "T1583.004", "fields": {"name": "Acquire Infrastructure: Server", "created_at": "2023-05-25T22:56:11.654Z", "created_by": 1, "modified_at": "2023-05-25T22:56:11.654Z", "mitre_tactics": ["TA0042"]}}, {"model": "home.mitretechnique", "pk": "T1583.005", "fields": {"name": "Acquire Infrastructure: Botnet", "created_at": "2023-05-25T22:56:11.644Z", "created_by": 1, "modified_at": "2023-05-25T22:56:11.644Z", "mitre_tactics": ["TA0042"]}}, {"model": "home.mitretechnique", "pk": "T1583.006", "fields": {"name": "Acquire Infrastructure: Web Services", "created_at": "2023-05-25T22:56:11.661Z", "created_by": 1, "modified_at": "2023-05-25T22:56:11.661Z", "mitre_tactics": ["TA0042"]}}, {"model": "home.mitretechnique", "pk": "T1583.007", "fields": {"name": "Acquire Infrastructure: Serverless", "created_at": "2023-05-25T22:56:11.656Z", "created_by": 1, "modified_at": "2023-05-25T22:56:11.656Z", "mitre_tactics": ["TA0042"]}}, {"model": "home.mitretechnique", "pk": "T1583.008", "fields": {"name": "Acquire Infrastructure: Malvertising", "created_at": "2023-05-25T22:56:11.651Z", "created_by": 1, "modified_at": "2023-05-25T22:56:11.651Z", "mitre_tactics": ["TA0042"]}}, {"model": "home.mitretechnique", "pk": "T1584", "fields": {"name": "Compromise Infrastructure", "created_at": "2023-05-25T22:56:11.866Z", "created_by": 1, "modified_at": "2023-05-25T22:56:11.866Z", "mitre_tactics": ["TA0042"]}}, {"model": "home.mitretechnique", "pk": "T1584.001", "fields": {"name": "Compromise Infrastructure: Domains", "created_at": "2023-05-25T22:56:11.873Z", "created_by": 1, "modified_at": "2023-05-25T22:56:11.873Z", "mitre_tactics": ["TA0042"]}}, {"model": "home.mitretechnique", "pk": "T1584.002", "fields": {"name": "Compromise Infrastructure: DNS Server", "created_at": "2023-05-25T22:56:11.871Z", "created_by": 1, "modified_at": "2023-05-25T22:56:11.871Z", "mitre_tactics": ["TA0042"]}}, {"model": "home.mitretechnique", "pk": "T1584.003", "fields": {"name": "Compromise Infrastructure: Virtual Private Server", "created_at": "2023-05-25T22:56:11.881Z", "created_by": 1, "modified_at": "2023-05-25T22:56:11.881Z", "mitre_tactics": ["TA0042"]}}, {"model": "home.mitretechnique", "pk": "T1584.004", "fields": {"name": "Compromise Infrastructure: Server", "created_at": "2023-05-25T22:56:11.876Z", "created_by": 1, "modified_at": "2023-05-25T22:56:11.876Z", "mitre_tactics": ["TA0042"]}}, {"model": "home.mitretechnique", "pk": "T1584.005", "fields": {"name": "Compromise Infrastructure: Botnet", "created_at": "2023-05-25T22:56:11.869Z", "created_by": 1, "modified_at": "2023-05-25T22:56:11.869Z", "mitre_tactics": ["TA0042"]}}, {"model": "home.mitretechnique", "pk": "T1584.006", "fields": {"name": "Compromise Infrastructure: Web Services", "created_at": "2023-05-25T22:56:11.884Z", "created_by": 1, "modified_at": "2023-05-25T22:56:11.884Z", "mitre_tactics": ["TA0042"]}}, {"model": "home.mitretechnique", "pk": "T1584.007", "fields": {"name": "Compromise Infrastructure: Serverless", "created_at": "2023-05-25T22:56:11.878Z", "created_by": 1, "modified_at": "2023-05-25T22:56:11.878Z", "mitre_tactics": ["TA0042"]}}, {"model": "home.mitretechnique", "pk": "T1585", "fields": {"name": "Establish Accounts", "created_at": "2023-05-25T22:56:12.092Z", "created_by": 1, "modified_at": "2023-05-25T22:56:12.092Z", "mitre_tactics": ["TA0042"]}}, {"model": "home.mitretechnique", "pk": "T1585.001", "fields": {"name": "Establish Accounts: Social Media Accounts", "created_at": "2023-05-25T22:56:12.098Z", "created_by": 1, "modified_at": "2023-05-25T22:56:12.098Z", "mitre_tactics": ["TA0042"]}}, {"model": "home.mitretechnique", "pk": "T1585.002", "fields": {"name": "Establish Accounts: Email Accounts", "created_at": "2023-05-25T22:56:12.096Z", "created_by": 1, "modified_at": "2023-05-25T22:56:12.096Z", "mitre_tactics": ["TA0042"]}}, {"model": "home.mitretechnique", "pk": "T1585.003", "fields": {"name": "Establish Accounts: Cloud Accounts", "created_at": "2023-05-25T22:56:12.094Z", "created_by": 1, "modified_at": "2023-05-25T22:56:12.094Z", "mitre_tactics": ["TA0042"]}}, {"model": "home.mitretechnique", "pk": "T1586", "fields": {"name": "Compromise Accounts", "created_at": "2023-05-25T22:56:11.854Z", "created_by": 1, "modified_at": "2023-05-25T22:56:11.854Z", "mitre_tactics": ["TA0042"]}}, {"model": "home.mitretechnique", "pk": "T1586.001", "fields": {"name": "Compromise Accounts: Social Media Accounts", "created_at": "2023-05-25T22:56:11.862Z", "created_by": 1, "modified_at": "2023-05-25T22:56:11.862Z", "mitre_tactics": ["TA0042"]}}, {"model": "home.mitretechnique", "pk": "T1586.002", "fields": {"name": "Compromise Accounts: Email Accounts", "created_at": "2023-05-25T22:56:11.858Z", "created_by": 1, "modified_at": "2023-05-25T22:56:11.858Z", "mitre_tactics": ["TA0042"]}}, {"model": "home.mitretechnique", "pk": "T1586.003", "fields": {"name": "Compromise Accounts: Cloud Accounts", "created_at": "2023-05-25T22:56:11.856Z", "created_by": 1, "modified_at": "2023-05-25T22:56:11.856Z", "mitre_tactics": ["TA0042"]}}, {"model": "home.mitretechnique", "pk": "T1587", "fields": {"name": "Develop Capabilities", "created_at": "2023-05-25T22:56:12.016Z", "created_by": 1, "modified_at": "2023-05-25T22:56:12.016Z", "mitre_tactics": ["TA0042"]}}, {"model": "home.mitretechnique", "pk": "T1587.001", "fields": {"name": "Develop Capabilities: Malware", "created_at": "2023-05-25T22:56:12.024Z", "created_by": 1, "modified_at": "2023-05-25T22:56:12.024Z", "mitre_tactics": ["TA0042"]}}, {"model": "home.mitretechnique", "pk": "T1587.002", "fields": {"name": "Develop Capabilities: Code Signing Certificates", "created_at": "2023-05-25T22:56:12.018Z", "created_by": 1, "modified_at": "2023-05-25T22:56:12.018Z", "mitre_tactics": ["TA0042"]}}, {"model": "home.mitretechnique", "pk": "T1587.003", "fields": {"name": "Develop Capabilities: Digital Certificates", "created_at": "2023-05-25T22:56:12.020Z", "created_by": 1, "modified_at": "2023-05-25T22:56:12.020Z", "mitre_tactics": ["TA0042"]}}, {"model": "home.mitretechnique", "pk": "T1587.004", "fields": {"name": "Develop Capabilities: Exploits", "created_at": "2023-05-25T22:56:12.022Z", "created_by": 1, "modified_at": "2023-05-25T22:56:12.022Z", "mitre_tactics": ["TA0042"]}}, {"model": "home.mitretechnique", "pk": "T1588", "fields": {"name": "Obtain Capabilities", "created_at": "2023-05-25T22:56:12.616Z", "created_by": 1, "modified_at": "2023-05-25T22:56:12.616Z", "mitre_tactics": ["TA0042"]}}, {"model": "home.mitretechnique", "pk": "T1588.001", "fields": {"name": "Obtain Capabilities: Malware", "created_at": "2023-05-25T22:56:12.628Z", "created_by": 1, "modified_at": "2023-05-25T22:56:12.628Z", "mitre_tactics": ["TA0042"]}}, {"model": "home.mitretechnique", "pk": "T1588.002", "fields": {"name": "Obtain Capabilities: Tool", "created_at": "2023-05-25T22:56:12.630Z", "created_by": 1, "modified_at": "2023-05-25T22:56:12.630Z", "mitre_tactics": ["TA0042"]}}, {"model": "home.mitretechnique", "pk": "T1588.003", "fields": {"name": "Obtain Capabilities: Code Signing Certificates", "created_at": "2023-05-25T22:56:12.620Z", "created_by": 1, "modified_at": "2023-05-25T22:56:12.620Z", "mitre_tactics": ["TA0042"]}}, {"model": "home.mitretechnique", "pk": "T1588.004", "fields": {"name": "Obtain Capabilities: Digital Certificates", "created_at": "2023-05-25T22:56:12.622Z", "created_by": 1, "modified_at": "2023-05-25T22:56:12.622Z", "mitre_tactics": ["TA0042"]}}, {"model": "home.mitretechnique", "pk": "T1588.005", "fields": {"name": "Obtain Capabilities: Exploits", "created_at": "2023-05-25T22:56:12.625Z", "created_by": 1, "modified_at": "2023-05-25T22:56:12.625Z", "mitre_tactics": ["TA0042"]}}, {"model": "home.mitretechnique", "pk": "T1588.006", "fields": {"name": "Obtain Capabilities: Vulnerabilities", "created_at": "2023-05-25T22:56:12.633Z", "created_by": 1, "modified_at": "2023-05-25T22:56:12.633Z", "mitre_tactics": ["TA0042"]}}, {"model": "home.mitretechnique", "pk": "T1589", "fields": {"name": "Gather Victim Identity Information", "created_at": "2023-05-25T22:56:12.243Z", "created_by": 1, "modified_at": "2023-05-25T22:56:12.243Z", "mitre_tactics": ["TA0043"]}}, {"model": "home.mitretechnique", "pk": "T1589.001", "fields": {"name": "Gather Victim Identity Information: Credentials", "created_at": "2023-05-25T22:56:12.245Z", "created_by": 1, "modified_at": "2023-05-25T22:56:12.245Z", "mitre_tactics": ["TA0043"]}}, {"model": "home.mitretechnique", "pk": "T1589.002", "fields": {"name": "Gather Victim Identity Information: Email Addresses", "created_at": "2023-05-25T22:56:12.247Z", "created_by": 1, "modified_at": "2023-05-25T22:56:12.247Z", "mitre_tactics": ["TA0043"]}}, {"model": "home.mitretechnique", "pk": "T1589.003", "fields": {"name": "Gather Victim Identity Information: Employee Names", "created_at": "2023-05-25T22:56:12.250Z", "created_by": 1, "modified_at": "2023-05-25T22:56:12.250Z", "mitre_tactics": ["TA0043"]}}, {"model": "home.mitretechnique", "pk": "T1590", "fields": {"name": "Gather Victim Network Information", "created_at": "2023-05-25T22:56:12.252Z", "created_by": 1, "modified_at": "2023-05-25T22:56:12.252Z", "mitre_tactics": ["TA0043"]}}, {"model": "home.mitretechnique", "pk": "T1590.001", "fields": {"name": "Gather Victim Network Information: Domain Properties", "created_at": "2023-05-25T22:56:12.256Z", "created_by": 1, "modified_at": "2023-05-25T22:56:12.256Z", "mitre_tactics": ["TA0043"]}}, {"model": "home.mitretechnique", "pk": "T1590.002", "fields": {"name": "Gather Victim Network Information: DNS", "created_at": "2023-05-25T22:56:12.254Z", "created_by": 1, "modified_at": "2023-05-25T22:56:12.254Z", "mitre_tactics": ["TA0043"]}}, {"model": "home.mitretechnique", "pk": "T1590.003", "fields": {"name": "Gather Victim Network Information: Network Trust Dependencies", "created_at": "2023-05-25T22:56:12.265Z", "created_by": 1, "modified_at": "2023-05-25T22:56:12.265Z", "mitre_tactics": ["TA0043"]}}, {"model": "home.mitretechnique", "pk": "T1590.004", "fields": {"name": "Gather Victim Network Information: Network Topology", "created_at": "2023-05-25T22:56:12.263Z", "created_by": 1, "modified_at": "2023-05-25T22:56:12.263Z", "mitre_tactics": ["TA0043"]}}, {"model": "home.mitretechnique", "pk": "T1590.005", "fields": {"name": "Gather Victim Network Information: IP Addresses", "created_at": "2023-05-25T22:56:12.258Z", "created_by": 1, "modified_at": "2023-05-25T22:56:12.258Z", "mitre_tactics": ["TA0043"]}}, {"model": "home.mitretechnique", "pk": "T1590.006", "fields": {"name": "Gather Victim Network Information: Network Security Appliances", "created_at": "2023-05-25T22:56:12.260Z", "created_by": 1, "modified_at": "2023-05-25T22:56:12.260Z", "mitre_tactics": ["TA0043"]}}, {"model": "home.mitretechnique", "pk": "T1591", "fields": {"name": "Gather Victim Org Information", "created_at": "2023-05-25T22:56:12.267Z", "created_by": 1, "modified_at": "2023-05-25T22:56:12.267Z", "mitre_tactics": ["TA0043"]}}, {"model": "home.mitretechnique", "pk": "T1591.001", "fields": {"name": "Gather Victim Org Information: Determine Physical Locations", "created_at": "2023-05-25T22:56:12.272Z", "created_by": 1, "modified_at": "2023-05-25T22:56:12.272Z", "mitre_tactics": ["TA0043"]}}, {"model": "home.mitretechnique", "pk": "T1591.002", "fields": {"name": "Gather Victim Org Information: Business Relationships", "created_at": "2023-05-25T22:56:12.270Z", "created_by": 1, "modified_at": "2023-05-25T22:56:12.270Z", "mitre_tactics": ["TA0043"]}}, {"model": "home.mitretechnique", "pk": "T1591.003", "fields": {"name": "Gather Victim Org Information: Identify Business Tempo", "created_at": "2023-05-25T22:56:12.274Z", "created_by": 1, "modified_at": "2023-05-25T22:56:12.274Z", "mitre_tactics": ["TA0043"]}}, {"model": "home.mitretechnique", "pk": "T1591.004", "fields": {"name": "Gather Victim Org Information: Identify Roles", "created_at": "2023-05-25T22:56:12.276Z", "created_by": 1, "modified_at": "2023-05-25T22:56:12.276Z", "mitre_tactics": ["TA0043"]}}, {"model": "home.mitretechnique", "pk": "T1592", "fields": {"name": "Gather Victim Host Information", "created_at": "2023-05-25T22:56:12.231Z", "created_by": 1, "modified_at": "2023-05-25T22:56:12.231Z", "mitre_tactics": ["TA0043"]}}, {"model": "home.mitretechnique", "pk": "T1592.001", "fields": {"name": "Gather Victim Host Information: Hardware", "created_at": "2023-05-25T22:56:12.238Z", "created_by": 1, "modified_at": "2023-05-25T22:56:12.238Z", "mitre_tactics": ["TA0043"]}}, {"model": "home.mitretechnique", "pk": "T1592.002", "fields": {"name": "Gather Victim Host Information: Software", "created_at": "2023-05-25T22:56:12.240Z", "created_by": 1, "modified_at": "2023-05-25T22:56:12.240Z", "mitre_tactics": ["TA0043"]}}, {"model": "home.mitretechnique", "pk": "T1592.003", "fields": {"name": "Gather Victim Host Information: Firmware", "created_at": "2023-05-25T22:56:12.236Z", "created_by": 1, "modified_at": "2023-05-25T22:56:12.236Z", "mitre_tactics": ["TA0043"]}}, {"model": "home.mitretechnique", "pk": "T1592.004", "fields": {"name": "Gather Victim Host Information: Client Configurations", "created_at": "2023-05-25T22:56:12.233Z", "created_by": 1, "modified_at": "2023-05-25T22:56:12.233Z", "mitre_tactics": ["TA0043"]}}, {"model": "home.mitretechnique", "pk": "T1593", "fields": {"name": "Search Open Websites/Domains", "created_at": "2023-05-25T22:56:12.874Z", "created_by": 1, "modified_at": "2023-05-25T22:56:12.874Z", "mitre_tactics": ["TA0043"]}}, {"model": "home.mitretechnique", "pk": "T1593.001", "fields": {"name": "Search Open Websites/Domains: Social Media", "created_at": "2023-05-25T22:56:12.882Z", "created_by": 1, "modified_at": "2023-05-25T22:56:12.882Z", "mitre_tactics": ["TA0043"]}}, {"model": "home.mitretechnique", "pk": "T1593.002", "fields": {"name": "Search Open Websites/Domains: Search Engines", "created_at": "2023-05-25T22:56:12.880Z", "created_by": 1, "modified_at": "2023-05-25T22:56:12.880Z", "mitre_tactics": ["TA0043"]}}, {"model": "home.mitretechnique", "pk": "T1593.003", "fields": {"name": "Search Open Websites/Domains: Code Repositories", "created_at": "2023-05-25T22:56:12.876Z", "created_by": 1, "modified_at": "2023-05-25T22:56:12.876Z", "mitre_tactics": ["TA0043"]}}, {"model": "home.mitretechnique", "pk": "T1594", "fields": {"name": "Search Victim-Owned Websites", "created_at": "2023-05-25T22:56:12.885Z", "created_by": 1, "modified_at": "2023-05-25T22:56:12.885Z", "mitre_tactics": ["TA0043"]}}, {"model": "home.mitretechnique", "pk": "T1595", "fields": {"name": "Active Scanning", "created_at": "2023-05-25T22:56:11.663Z", "created_by": 1, "modified_at": "2023-05-25T22:56:11.663Z", "mitre_tactics": ["TA0043"]}}, {"model": "home.mitretechnique", "pk": "T1595.001", "fields": {"name": "Active Scanning: Scanning IP Blocks", "created_at": "2023-05-25T22:56:11.665Z", "created_by": 1, "modified_at": "2023-05-25T22:56:11.665Z", "mitre_tactics": ["TA0043"]}}, {"model": "home.mitretechnique", "pk": "T1595.002", "fields": {"name": "Active Scanning: Vulnerability Scanning", "created_at": "2023-05-25T22:56:11.668Z", "created_by": 1, "modified_at": "2023-05-25T22:56:11.668Z", "mitre_tactics": ["TA0043"]}}, {"model": "home.mitretechnique", "pk": "T1595.003", "fields": {"name": "Active Scanning: Wordlist Scanning", "created_at": "2023-05-25T22:56:11.670Z", "created_by": 1, "modified_at": "2023-05-25T22:56:11.670Z", "mitre_tactics": ["TA0043"]}}, {"model": "home.mitretechnique", "pk": "T1596", "fields": {"name": "Search Open Technical Databases", "created_at": "2023-05-25T22:56:12.860Z", "created_by": 1, "modified_at": "2023-05-25T22:56:12.860Z", "mitre_tactics": ["TA0043"]}}, {"model": "home.mitretechnique", "pk": "T1596.001", "fields": {"name": "Search Open Technical Databases: DNS/Passive DNS", "created_at": "2023-05-25T22:56:12.864Z", "created_by": 1, "modified_at": "2023-05-25T22:56:12.864Z", "mitre_tactics": ["TA0043"]}}, {"model": "home.mitretechnique", "pk": "T1596.002", "fields": {"name": "Search Open Technical Databases: WHOIS", "created_at": "2023-05-25T22:56:12.872Z", "created_by": 1, "modified_at": "2023-05-25T22:56:12.872Z", "mitre_tactics": ["TA0043"]}}, {"model": "home.mitretechnique", "pk": "T1596.003", "fields": {"name": "Search Open Technical Databases: Digital Certificates", "created_at": "2023-05-25T22:56:12.867Z", "created_by": 1, "modified_at": "2023-05-25T22:56:12.867Z", "mitre_tactics": ["TA0043"]}}, {"model": "home.mitretechnique", "pk": "T1596.004", "fields": {"name": "Search Open Technical Databases: CDNs", "created_at": "2023-05-25T22:56:12.862Z", "created_by": 1, "modified_at": "2023-05-25T22:56:12.862Z", "mitre_tactics": ["TA0043"]}}, {"model": "home.mitretechnique", "pk": "T1596.005", "fields": {"name": "Search Open Technical Databases: Scan Databases", "created_at": "2023-05-25T22:56:12.869Z", "created_by": 1, "modified_at": "2023-05-25T22:56:12.869Z", "mitre_tactics": ["TA0043"]}}, {"model": "home.mitretechnique", "pk": "T1597", "fields": {"name": "Search Closed Sources", "created_at": "2023-05-25T22:56:12.852Z", "created_by": 1, "modified_at": "2023-05-25T22:56:12.852Z", "mitre_tactics": ["TA0043"]}}, {"model": "home.mitretechnique", "pk": "T1597.001", "fields": {"name": "Search Closed Sources: Threat Intel Vendors", "created_at": "2023-05-25T22:56:12.857Z", "created_by": 1, "modified_at": "2023-05-25T22:56:12.857Z", "mitre_tactics": ["TA0043"]}}, {"model": "home.mitretechnique", "pk": "T1597.002", "fields": {"name": "Search Closed Sources: Purchase Technical Data", "created_at": "2023-05-25T22:56:12.855Z", "created_by": 1, "modified_at": "2023-05-25T22:56:12.855Z", "mitre_tactics": ["TA0043"]}}, {"model": "home.mitretechnique", "pk": "T1598", "fields": {"name": "Phishing for Information", "created_at": "2023-05-25T22:56:12.672Z", "created_by": 1, "modified_at": "2023-05-25T22:56:12.672Z", "mitre_tactics": ["TA0043"]}}, {"model": "home.mitretechnique", "pk": "T1598.001", "fields": {"name": "Phishing for Information: Spearphishing Service", "created_at": "2023-05-25T22:56:12.679Z", "created_by": 1, "modified_at": "2023-05-25T22:56:12.679Z", "mitre_tactics": ["TA0043"]}}, {"model": "home.mitretechnique", "pk": "T1598.002", "fields": {"name": "Phishing for Information: Spearphishing Attachment", "created_at": "2023-05-25T22:56:12.674Z", "created_by": 1, "modified_at": "2023-05-25T22:56:12.674Z", "mitre_tactics": ["TA0043"]}}, {"model": "home.mitretechnique", "pk": "T1598.003", "fields": {"name": "Phishing for Information: Spearphishing Link", "created_at": "2023-05-25T22:56:12.676Z", "created_by": 1, "modified_at": "2023-05-25T22:56:12.676Z", "mitre_tactics": ["TA0043"]}}, {"model": "home.mitretechnique", "pk": "T1599", "fields": {"name": "Network Boundary Bridging", "created_at": "2023-05-25T22:56:12.539Z", "created_by": 1, "modified_at": "2023-05-25T22:56:12.539Z", "mitre_tactics": ["TA0005"]}}, {"model": "home.mitretechnique", "pk": "T1599.001", "fields": {"name": "Network Boundary Bridging: Network Address Translation Traversal", "created_at": "2023-05-25T22:56:12.541Z", "created_by": 1, "modified_at": "2023-05-25T22:56:12.541Z", "mitre_tactics": ["TA0005"]}}, {"model": "home.mitretechnique", "pk": "T1600", "fields": {"name": "Weaken Encryption", "created_at": "2023-05-25T22:56:13.163Z", "created_by": 1, "modified_at": "2023-05-25T22:56:13.163Z", "mitre_tactics": ["TA0005"]}}, {"model": "home.mitretechnique", "pk": "T1600.001", "fields": {"name": "Weaken Encryption: Reduce Key Space", "created_at": "2023-05-25T22:56:13.167Z", "created_by": 1, "modified_at": "2023-05-25T22:56:13.168Z", "mitre_tactics": ["TA0005"]}}, {"model": "home.mitretechnique", "pk": "T1600.002", "fields": {"name": "Weaken Encryption: Disable Crypto Hardware", "created_at": "2023-05-25T22:56:13.165Z", "created_by": 1, "modified_at": "2023-05-25T22:56:13.165Z", "mitre_tactics": ["TA0005"]}}, {"model": "home.mitretechnique", "pk": "T1601", "fields": {"name": "Modify System Image", "created_at": "2023-05-25T22:56:12.522Z", "created_by": 1, "modified_at": "2023-05-25T22:56:12.522Z", "mitre_tactics": ["TA0005"]}}, {"model": "home.mitretechnique", "pk": "T1601.001", "fields": {"name": "Modify System Image: Patch System Image", "created_at": "2023-05-25T22:56:12.526Z", "created_by": 1, "modified_at": "2023-05-25T22:56:12.526Z", "mitre_tactics": ["TA0005"]}}, {"model": "home.mitretechnique", "pk": "T1601.002", "fields": {"name": "Modify System Image: Downgrade System Image", "created_at": "2023-05-25T22:56:12.525Z", "created_by": 1, "modified_at": "2023-05-25T22:56:12.525Z", "mitre_tactics": ["TA0005"]}}, {"model": "home.mitretechnique", "pk": "T1602", "fields": {"name": "Data from Configuration Repository", "created_at": "2023-05-25T22:56:11.975Z", "created_by": 1, "modified_at": "2023-05-25T22:56:11.975Z", "mitre_tactics": ["TA0009"]}}, {"model": "home.mitretechnique", "pk": "T1602.001", "fields": {"name": "Data from Configuration Repository: SNMP (MIB Dump)", "created_at": "2023-05-25T22:56:11.980Z", "created_by": 1, "modified_at": "2023-05-25T22:56:11.980Z", "mitre_tactics": ["TA0009"]}}, {"model": "home.mitretechnique", "pk": "T1602.002", "fields": {"name": "Data from Configuration Repository: Network Device Configuration Dump", "created_at": "2023-05-25T22:56:11.977Z", "created_by": 1, "modified_at": "2023-05-25T22:56:11.977Z", "mitre_tactics": ["TA0009"]}}, {"model": "home.mitretechnique", "pk": "T1606", "fields": {"name": "Forge Web Credentials", "created_at": "2023-05-25T22:56:12.224Z", "created_by": 1, "modified_at": "2023-05-25T22:56:12.224Z", "mitre_tactics": ["TA0006"]}}, {"model": "home.mitretechnique", "pk": "T1606.001", "fields": {"name": "Forge Web Credentials: Web Cookies", "created_at": "2023-05-25T22:56:12.228Z", "created_by": 1, "modified_at": "2023-05-25T22:56:12.228Z", "mitre_tactics": ["TA0006"]}}, {"model": "home.mitretechnique", "pk": "T1606.002", "fields": {"name": "Forge Web Credentials: SAML Tokens", "created_at": "2023-05-25T22:56:12.226Z", "created_by": 1, "modified_at": "2023-05-25T22:56:12.226Z", "mitre_tactics": ["TA0006"]}}, {"model": "home.mitretechnique", "pk": "T1608", "fields": {"name": "Stage Capabilities", "created_at": "2023-05-25T22:56:12.916Z", "created_by": 1, "modified_at": "2023-05-25T22:56:12.916Z", "mitre_tactics": ["TA0042"]}}, {"model": "home.mitretechnique", "pk": "T1608.001", "fields": {"name": "Stage Capabilities: Upload Malware", "created_at": "2023-05-25T22:56:12.929Z", "created_by": 1, "modified_at": "2023-05-25T22:56:12.929Z", "mitre_tactics": ["TA0042"]}}, {"model": "home.mitretechnique", "pk": "T1608.002", "fields": {"name": "Stage Capabilities: Upload Tool", "created_at": "2023-05-25T22:56:12.931Z", "created_by": 1, "modified_at": "2023-05-25T22:56:12.931Z", "mitre_tactics": ["TA0042"]}}, {"model": "home.mitretechnique", "pk": "T1608.003", "fields": {"name": "Stage Capabilities: Install Digital Certificate", "created_at": "2023-05-25T22:56:12.921Z", "created_by": 1, "modified_at": "2023-05-25T22:56:12.921Z", "mitre_tactics": ["TA0042"]}}, {"model": "home.mitretechnique", "pk": "T1608.004", "fields": {"name": "Stage Capabilities: Drive-by Target", "created_at": "2023-05-25T22:56:12.919Z", "created_by": 1, "modified_at": "2023-05-25T22:56:12.919Z", "mitre_tactics": ["TA0042"]}}, {"model": "home.mitretechnique", "pk": "T1608.005", "fields": {"name": "Stage Capabilities: Link Target", "created_at": "2023-05-25T22:56:12.923Z", "created_by": 1, "modified_at": "2023-05-25T22:56:12.923Z", "mitre_tactics": ["TA0042"]}}, {"model": "home.mitretechnique", "pk": "T1608.006", "fields": {"name": "Stage Capabilities: SEO Poisoning", "created_at": "2023-05-25T22:56:12.926Z", "created_by": 1, "modified_at": "2023-05-25T22:56:12.926Z", "mitre_tactics": ["TA0042"]}}, {"model": "home.mitretechnique", "pk": "T1609", "fields": {"name": "Container Administration Command", "created_at": "2023-05-25T22:56:11.886Z", "created_by": 1, "modified_at": "2023-05-25T22:56:11.886Z", "mitre_tactics": ["TA0002"]}}, {"model": "home.mitretechnique", "pk": "T1610", "fields": {"name": "Deploy Container", "created_at": "2023-05-25T22:56:12.012Z", "created_by": 1, "modified_at": "2023-05-25T22:56:12.012Z", "mitre_tactics": ["TA0002", "TA0005"]}}, {"model": "home.mitretechnique", "pk": "T1611", "fields": {"name": "Escape to Host", "created_at": "2023-05-25T22:56:12.089Z", "created_by": 1, "modified_at": "2023-05-25T22:56:12.089Z", "mitre_tactics": ["TA0004"]}}, {"model": "home.mitretechnique", "pk": "T1612", "fields": {"name": "Build Image on Host", "created_at": "2023-05-25T22:56:11.810Z", "created_by": 1, "modified_at": "2023-05-25T22:56:11.810Z", "mitre_tactics": ["TA0005"]}}, {"model": "home.mitretechnique", "pk": "T1613", "fields": {"name": "Container and Resource Discovery", "created_at": "2023-05-25T22:56:11.889Z", "created_by": 1, "modified_at": "2023-05-25T22:56:11.889Z", "mitre_tactics": ["TA0007"]}}, {"model": "home.mitretechnique", "pk": "T1614", "fields": {"name": "System Location Discovery", "created_at": "2023-05-25T22:56:13.014Z", "created_by": 1, "modified_at": "2023-05-25T22:56:13.014Z", "mitre_tactics": ["TA0007"]}}, {"model": "home.mitretechnique", "pk": "T1614.001", "fields": {"name": "System Location Discovery: System Language Discovery", "created_at": "2023-05-25T22:56:13.016Z", "created_by": 1, "modified_at": "2023-05-25T22:56:13.016Z", "mitre_tactics": ["TA0007"]}}, {"model": "home.mitretechnique", "pk": "T1615", "fields": {"name": "Group Policy Discovery", "created_at": "2023-05-25T22:56:12.278Z", "created_by": 1, "modified_at": "2023-05-25T22:56:12.278Z", "mitre_tactics": ["TA0007"]}}, {"model": "home.mitretechnique", "pk": "T1619", "fields": {"name": "Cloud Storage Object Discovery", "created_at": "2023-05-25T22:56:11.825Z", "created_by": 1, "modified_at": "2023-05-25T22:56:11.825Z", "mitre_tactics": ["TA0007"]}}, {"model": "home.mitretechnique", "pk": "T1620", "fields": {"name": "Reflective Code Loading", "created_at": "2023-05-25T22:56:12.777Z", "created_by": 1, "modified_at": "2023-05-25T22:56:12.777Z", "mitre_tactics": ["TA0005"]}}, {"model": "home.mitretechnique", "pk": "T1621", "fields": {"name": "Multi-Factor Authentication Request Generation", "created_at": "2023-05-25T22:56:12.532Z", "created_by": 1, "modified_at": "2023-05-25T22:56:12.532Z", "mitre_tactics": ["TA0006"]}}, {"model": "home.mitretechnique", "pk": "T1622", "fields": {"name": "Debugger Evasion", "created_at": "2023-05-25T22:56:12.000Z", "created_by": 1, "modified_at": "2023-05-25T22:56:12.000Z", "mitre_tactics": ["TA0005", "TA0007"]}}, {"model": "home.mitretechnique", "pk": "T1647", "fields": {"name": "Plist File Modification", "created_at": "2023-05-25T22:56:12.688Z", "created_by": 1, "modified_at": "2023-05-25T22:56:12.688Z", "mitre_tactics": ["TA0005"]}}, {"model": "home.mitretechnique", "pk": "T1648", "fields": {"name": "Serverless Execution", "created_at": "2023-05-25T22:56:12.901Z", "created_by": 1, "modified_at": "2023-05-25T22:56:12.901Z", "mitre_tactics": ["TA0002"]}}, {"model": "home.mitretechnique", "pk": "T1649", "fields": {"name": "Steal or Forge Authentication Certificates", "created_at": "2023-05-25T22:56:12.938Z", "created_by": 1, "modified_at": "2023-05-25T22:56:12.938Z", "mitre_tactics": ["TA0006"]}}, {"model": "home.mitretechnique", "pk": "T1650", "fields": {"name": "Acquire Access", "created_at": "2023-05-25T22:56:11.639Z", "created_by": 1, "modified_at": "2023-05-25T22:56:11.639Z", "mitre_tactics": ["TA0042"]}}, {"model": "home.mitretechnique", "pk": "T1651", "fields": {"name": "Cloud Administration Command", "created_at": "2023-05-25T22:56:11.816Z", "created_by": 1, "modified_at": "2023-05-25T22:56:11.816Z", "mitre_tactics": ["TA0002"]}}, {"model": "home.mitretechnique", "pk": "T1652", "fields": {"name": "Device Driver Discovery", "created_at": "2023-05-25T22:56:12.027Z", "created_by": 1, "modified_at": "2023-05-25T22:56:12.027Z", "mitre_tactics": ["TA0007"]}}, {"model": "home.technologies", "pk": 1, "fields": {"name": "Firewall", "created_at": "2023-05-25T23:04:35.039Z", "created_by": 1, "modified_at": "2023-05-25T23:04:35.039Z"}}, {"model": "home.technologies", "pk": 2, "fields": {"name": "Router", "created_at": "2023-05-25T23:04:35.044Z", "created_by": 1, "modified_at": "2023-05-25T23:04:35.044Z"}}, {"model": "home.technologies", "pk": 3, "fields": {"name": "Switch", "created_at": "2023-05-25T23:04:35.045Z", "created_by": 1, "modified_at": "2023-05-25T23:04:35.045Z"}}, {"model": "home.technologies", "pk": 4, "fields": {"name": "Wireless Access Point", "created_at": "2023-05-25T23:04:35.047Z", "created_by": 1, "modified_at": "2023-05-25T23:04:35.047Z"}}, {"model": "home.technologies", "pk": 5, "fields": {"name": "Load Balancer", "created_at": "2023-05-25T23:04:35.048Z", "created_by": 1, "modified_at": "2023-05-25T23:04:35.048Z"}}, {"model": "home.technologies", "pk": 6, "fields": {"name": "Intrusion Detection System (IDS)", "created_at": "2023-05-25T23:04:35.049Z", "created_by": 1, "modified_at": "2023-05-25T23:04:35.049Z"}}, {"model": "home.technologies", "pk": 7, "fields": {"name": "Intrusion Prevention System (IPS)", "created_at": "2023-05-25T23:04:35.051Z", "created_by": 1, "modified_at": "2023-05-25T23:04:35.051Z"}}, {"model": "home.technologies", "pk": 8, "fields": {"name": "Web Application Firewall (WAF)", "created_at": "2023-05-25T23:04:35.052Z", "created_by": 1, "modified_at": "2023-05-25T23:04:35.052Z"}}, {"model": "home.technologies", "pk": 9, "fields": {"name": "Database Server", "created_at": "2023-05-25T23:04:35.053Z", "created_by": 1, "modified_at": "2023-05-25T23:04:35.053Z"}}, {"model": "home.technologies", "pk": 10, "fields": {"name": "Email Gateway", "created_at": "2023-05-25T23:04:35.055Z", "created_by": 1, "modified_at": "2023-05-25T23:04:35.055Z"}}, {"model": "home.technologies", "pk": 11, "fields": {"name": "Domain Name System (DNS) Server", "created_at": "2023-05-25T23:04:35.056Z", "created_by": 1, "modified_at": "2023-05-25T23:04:35.056Z"}}, {"model": "home.technologies", "pk": 12, "fields": {"name": "Virtual Private Network (VPN) Concentrator", "created_at": "2023-05-25T23:04:35.057Z", "created_by": 1, "modified_at": "2023-05-25T23:04:35.057Z"}}, {"model": "home.technologies", "pk": 13, "fields": {"name": "Proxy Server", "created_at": "2023-05-25T23:04:35.059Z", "created_by": 1, "modified_at": "2023-05-25T23:04:35.059Z"}}, {"model": "home.technologies", "pk": 14, "fields": {"name": "Network Attached Storage (NAS)", "created_at": "2023-05-25T23:04:35.060Z", "created_by": 1, "modified_at": "2023-05-25T23:04:35.060Z"}}, {"model": "home.technologies", "pk": 15, "fields": {"name": "Storage Area Network (SAN)", "created_at": "2023-05-25T23:04:35.061Z", "created_by": 1, "modified_at": "2023-05-25T23:04:35.061Z"}}, {"model": "home.technologies", "pk": 16, "fields": {"name": "Voice over IP (VoIP) Phone System", "created_at": "2023-05-25T23:04:35.063Z", "created_by": 1, "modified_at": "2023-05-25T23:04:35.063Z"}}, {"model": "home.technologies", "pk": 17, "fields": {"name": "Print Server", "created_at": "2023-05-25T23:04:35.064Z", "created_by": 1, "modified_at": "2023-05-25T23:04:35.064Z"}}, {"model": "home.technologies", "pk": 18, "fields": {"name": "Video Surveillance System", "created_at": "2023-05-25T23:04:35.065Z", "created_by": 1, "modified_at": "2023-05-25T23:04:35.065Z"}}, {"model": "home.technologies", "pk": 19, "fields": {"name": "Access Control System", "created_at": "2023-05-25T23:04:35.067Z", "created_by": 1, "modified_at": "2023-05-25T23:04:35.067Z"}}, {"model": "home.technologies", "pk": 20, "fields": {"name": "Wireless Controller", "created_at": "2023-05-25T23:04:35.068Z", "created_by": 1, "modified_at": "2023-05-25T23:04:35.068Z"}}, {"model": "home.technologies", "pk": 21, "fields": {"name": "Content Delivery Network (CDN)", "created_at": "2023-05-25T23:04:35.069Z", "created_by": 1, "modified_at": "2023-05-25T23:04:35.069Z"}}, {"model": "home.technologies", "pk": 22, "fields": {"name": "Data Loss Prevention (DLP) System", "created_at": "2023-05-25T23:04:35.071Z", "created_by": 1, "modified_at": "2023-05-25T23:04:35.071Z"}}, {"model": "home.technologies", "pk": 23, "fields": {"name": "Network Monitoring System", "created_at": "2023-05-25T23:04:35.072Z", "created_by": 1, "modified_at": "2023-05-25T23:04:35.072Z"}}, {"model": "home.technologies", "pk": 24, "fields": {"name": "Security Information and Event Management (SIEM) System", "created_at": "2023-05-25T23:04:35.073Z", "created_by": 1, "modified_at": "2023-05-25T23:04:35.073Z"}}, {"model": "home.technologies", "pk": 25, "fields": {"name": "Endpoint Protection System (EPS)", "created_at": "2023-05-25T23:04:35.074Z", "created_by": 1, "modified_at": "2023-05-25T23:04:35.074Z"}}, {"model": "home.technologies", "pk": 26, "fields": {"name": "Mobile Device Management (MDM) System", "created_at": "2023-05-25T23:04:35.076Z", "created_by": 1, "modified_at": "2023-05-25T23:04:35.076Z"}}, {"model": "home.technologies", "pk": 27, "fields": {"name": "Virtualization Platform", "created_at": "2023-05-25T23:04:35.077Z", "created_by": 1, "modified_at": "2023-05-25T23:04:35.077Z"}}, {"model": "home.technologies", "pk": 28, "fields": {"name": "Industrial Control System (ICS)", "created_at": "2023-05-25T23:04:35.078Z", "created_by": 1, "modified_at": "2023-05-25T23:04:35.078Z"}}, {"model": "home.technologies", "pk": 29, "fields": {"name": "Supervisory Control and Data Acquisition (SCADA) System", "created_at": "2023-05-25T23:04:35.079Z", "created_by": 1, "modified_at": "2023-05-25T23:04:35.080Z"}}, {"model": "home.technologies", "pk": 30, "fields": {"name": "Point of Sale (POS) Terminal", "created_at": "2023-05-25T23:04:35.081Z", "created_by": 1, "modified_at": "2023-05-25T23:04:35.081Z"}}, {"model": "home.technologies", "pk": 31, "fields": {"name": "Network Attached Security Appliance", "created_at": "2023-05-25T23:04:35.082Z", "created_by": 1, "modified_at": "2023-05-25T23:04:35.082Z"}}, {"model": "home.technologies", "pk": 32, "fields": {"name": "Unified Threat Management (UTM) Device", "created_at": "2023-05-25T23:04:35.083Z", "created_by": 1, "modified_at": "2023-05-25T23:04:35.083Z"}}, {"model": "home.technologies", "pk": 33, "fields": {"name": "Remote Access Server", "created_at": "2023-05-25T23:04:35.085Z", "created_by": 1, "modified_at": "2023-05-25T23:04:35.085Z"}}, {"model": "home.technologies", "pk": 34, "fields": {"name": "Wireless Intrusion Prevention System (WIPS)", "created_at": "2023-05-25T23:04:35.086Z", "created_by": 1, "modified_at": "2023-05-25T23:04:35.086Z"}}, {"model": "home.technologies", "pk": 35, "fields": {"name": "Bluetooth Device", "created_at": "2023-05-25T23:04:35.088Z", "created_by": 1, "modified_at": "2023-05-25T23:04:35.088Z"}}, {"model": "home.technologies", "pk": 36, "fields": {"name": "Network Time Protocol (NTP) Server", "created_at": "2023-05-25T23:04:35.089Z", "created_by": 1, "modified_at": "2023-05-25T23:04:35.089Z"}}, {"model": "home.technologies", "pk": 37, "fields": {"name": "Terminal Server", "created_at": "2023-05-25T23:04:35.090Z", "created_by": 1, "modified_at": "2023-05-25T23:04:35.090Z"}}, {"model": "home.technologies", "pk": 38, "fields": {"name": "Secure Shell (SSH) Server", "created_at": "2023-05-25T23:04:35.092Z", "created_by": 1, "modified_at": "2023-05-25T23:04:35.092Z"}}, {"model": "home.technologies", "pk": 39, "fields": {"name": "Network Printer", "created_at": "2023-05-25T23:04:35.093Z", "created_by": 1, "modified_at": "2023-05-25T23:04:35.093Z"}}, {"model": "home.technologies", "pk": 40, "fields": {"name": "IP Camera", "created_at": "2023-05-25T23:04:35.094Z", "created_by": 1, "modified_at": "2023-05-25T23:04:35.094Z"}}, {"model": "home.technologies", "pk": 41, "fields": {"name": "Network Video Recorder (NVR)", "created_at": "2023-05-25T23:04:35.096Z", "created_by": 1, "modified_at": "2023-05-25T23:04:35.096Z"}}, {"model": "home.technologies", "pk": 42, "fields": {"name": "Session Border Controller (SBC)", "created_at": "2023-05-25T23:04:35.097Z", "created_by": 1, "modified_at": "2023-05-25T23:04:35.097Z"}}, {"model": "home.technologies", "pk": 43, "fields": {"name": "Virtual Desktop Infrastructure (VDI) Server", "created_at": "2023-05-25T23:04:35.098Z", "created_by": 1, "modified_at": "2023-05-25T23:04:35.098Z"}}, {"model": "home.technologies", "pk": 44, "fields": {"name": "Web Proxy Server", "created_at": "2023-05-25T23:04:35.099Z", "created_by": 1, "modified_at": "2023-05-25T23:04:35.099Z"}}, {"model": "home.technologies", "pk": 45, "fields": {"name": "File Transfer Protocol (FTP) Server", "created_at": "2023-05-25T23:04:35.101Z", "created_by": 1, "modified_at": "2023-05-25T23:04:35.101Z"}}, {"model": "home.technologies", "pk": 46, "fields": {"name": "Secure File Transfer Protocol (SFTP) Server", "created_at": "2023-05-25T23:04:35.102Z", "created_by": 1, "modified_at": "2023-05-25T23:04:35.102Z"}}, {"model": "home.technologies", "pk": 47, "fields": {"name": "Network Attached Security Sensor", "created_at": "2023-05-25T23:04:35.103Z", "created_by": 1, "modified_at": "2023-05-25T23:04:35.103Z"}}, {"model": "home.technologies", "pk": 48, "fields": {"name": "Network Traffic Analyzer", "created_at": "2023-05-25T23:04:35.104Z", "created_by": 1, "modified_at": "2023-05-25T23:04:35.104Z"}}, {"model": "home.technologies", "pk": 49, "fields": {"name": "Application Delivery Controller", "created_at": "2023-05-25T23:04:35.106Z", "created_by": 1, "modified_at": "2023-05-25T23:04:35.106Z"}}, {"model": "home.technologies", "pk": 50, "fields": {"name": "Software-Defined Networking (SDN) Controller", "created_at": "2023-05-25T23:04:35.107Z", "created_by": 1, "modified_at": "2023-05-25T23:04:35.107Z"}}, {"model": "home.technologies", "pk": 51, "fields": {"name": "Cloud", "created_at": "2023-05-26T12:09:11.680Z", "created_by": 1, "modified_at": "2023-05-26T12:09:11.680Z"}}, {"model": "home.technologies", "pk": 52, "fields": {"name": "Endpoint", "created_at": "2023-05-26T12:09:18.045Z", "created_by": 1, "modified_at": "2023-05-26T12:09:18.045Z"}}, {"model": "home.technologies", "pk": 53, "fields": {"name": "Active Directory", "created_at": "2023-05-26T12:21:33.172Z", "created_by": 1, "modified_at": "2023-05-26T12:21:33.172Z"}}, {"model": "home.tag", "pk": 1, "fields": {"name": "Google", "created_at": "2023-05-26T12:09:26.495Z", "created_by": 1, "modified_at": "2023-05-26T12:09:26.495Z"}}, {"model": "home.tag", "pk": 2, "fields": {"name": "AWS", "created_at": "2023-05-26T12:09:31.955Z", "created_by": 1, "modified_at": "2023-05-26T12:09:31.955Z"}}, {"model": "home.tag", "pk": 3, "fields": {"name": "Azure", "created_at": "2023-05-26T12:09:40.511Z", "created_by": 1, "modified_at": "2023-05-26T12:09:40.511Z"}}, {"model": "home.tag", "pk": 4, "fields": {"name": "Windows", "created_at": "2023-05-26T12:09:46.034Z", "created_by": 1, "modified_at": "2023-05-26T12:09:46.034Z"}}, {"model": "home.tag", "pk": 5, "fields": {"name": "Linux", "created_at": "2023-05-26T12:09:51.104Z", "created_by": 1, "modified_at": "2023-05-26T12:09:51.104Z"}}, {"model": "home.tag", "pk": 6, "fields": {"name": "Mac OS", "created_at": "2023-05-26T12:10:00.197Z", "created_by": 1, "modified_at": "2023-05-26T12:10:00.197Z"}}, {"model": "home.historicalrule", "pk": 1, "fields": {"id": "1", "name": "Direct Outbound SMB Connection", "severity": "Medium", "created_at": "2023-05-29T20:49:21.615Z", "modified_at": "2023-05-29T20:49:21.615Z", "created_by": 1, "history_date": "2023-05-29T20:49:21.615Z", "history_change_reason": null, "history_type": "+", "history_user": null}}, {"model": "home.rule", "pk": "1", "fields": {"name": "Direct Outbound SMB Connection", "severity": "Medium", "created_at": "2023-05-29T20:49:21.615Z", "created_by": 1, "modified_at": "2023-05-29T20:49:21.615Z", "mitre_tactics": ["TA0008"], "mitre_techniques": ["T1021"], "technologies": [1], "tags": [4], "detection_systems": [1, 3, 6]}}]
